condition,rho,delta,sigma,alpha,c,K,b,mu,model,series,beta,n_target,gamma,protect_presetup,protect_delayoff,never_cancel_setup,P_block,P_block_arrival_stable,E_N,E_B,E_I,E_S,E_off,lambda_eff,E_W,rho_server,Cost,ERP,p1_fire_rate,p1_launch_rate,setup_completion_rate,setup_cancel_rate,delayoff_rate,rho_B,diag_source,consistency_max_relerr,min_pi,elapsed_s,check
C5,0.5,0.6,2.0,10.0,20,200,5,1.0,base,Base (dense),0.0020000000000000005,0,1.0,False,False,False,6.474656274862498e-09,9.504426719406073e-09,52.050761940387936,9.999999904955699,9.185109826758234,0.0018370219653516455,0.8130532463207156,49.99999952477865,1.0410152487020121,0.49999999524778493,5.832541203382513,6.07176433140398,0.0,0.0,,,,0.8,none,,8.769362610630896e-130,0.16256117820739746,ok
C5,0.5,0.6,2.0,10.0,20,200,5,1.0,base,Base (dense),0.002201388342504419,0,1.0,False,False,False,6.490679912895393e-09,9.527948507496628e-09,52.05171837155787,9.999999904720509,9.127454828164955,0.0020093072655457877,0.8705359598489897,49.99999952360259,1.041034377350079,0.49999999523602545,5.819599703298593,6.058403353550155,0.0,0.0,,,,0.8,none,,5.0315435680444e-129,0.17631125450134277,ok
C5,0.5,0.6,2.0,10.0,20,200,5,1.0,base,Base (dense),0.002423055317257178,0,1.0,False,False,False,6.507462798379079e-09,9.552584827608593e-09,52.0527564323957,9.999999904474125,9.06695485080712,0.0021969733162578893,0.9308482714024975,49.999999522370814,1.0410551385926803,0.49999999522370625,5.8060221929955045,6.044389238801112,0.0,0.0,,,,0.8,none,,2.854690998852296e-128,0.32062745094299316,ok
C5,0.5,0.6,2.0,10.0,20,200,5,1.0,base,Base (dense),0.0026670428643266486,0,1.0,False,False,False,6.525007088860286e-09,9.578338846897976e-09,52.05388253198311,9.999999904216617,9.00358465476445,0.002401294620685037,0.9940141463982473,49.99999952108305,1.0410776606114571,0.4999999952108308,5.791803457837851,6.029717194607178,0.0,0.0,,,,0.8,none,,1.6008173545845975e-127,0.18631649017333984,ok
C5,0.5,0.6,2.0,10.0,20,200,5,1.0,base,Base (dense),0.0029355985352441383,0,1.0,False,False,False,6.543312561443738e-09,9.605210238167473e-09,52.05510353777793,9.999999903947849,8.937326489483693,0.0026236402551526967,1.0600499663133052,49.99999951973951,1.0411020807555624,0.49999999519739247,5.776940008259092,6.014384262998597,0.0,0.0,,,,0.8,none,,8.868506219973658e-127,0.17504429817199707,ok
C5,0.5,0.6,2.0,10.0,20,200,5,1.0,base,Base (dense),0.0032311961968797495,0,1.0,False,False,False,6.562376673589578e-09,9.633195269113645e-09,52.05642680487853,9.999999903668044,8.868169962944192,0.0028654797057548432,1.128964653682009,49.999999518340296,1.041128546126964,0.4999999951834022,5.7614300524415345,5.998389294110653,0.0,0.0,,,,0.8,none,,4.8516314377895546e-126,0.1715996265411377,ok
C5,0.5,0.6,2.0,10.0,20,200,5,1.0,base,Base (dense),0.003556558820077846,0,1.0,False,False,False,6.582194648898254e-09,9.662286928254215e-09,52.05786020650063,9.999999903377098,8.796111842214836,0.0031283889154820215,1.2007598654925833,49.99999951688558,1.0411572141899739,0.4999999951688549,5.745273453597725,5.981732903707417,0.0,0.0,,,,0.8,none,,2.619739561586527e-125,0.17002153396606445,ok
C5,0.5,0.6,2.0,10.0,20,200,5,1.0,base,Base (dense),0.0039146835629753195,0,1.0,False,False,False,6.602759584690106e-09,9.692475082848796e-09,52.059412165569,9.999999903075231,8.721155797131175,0.0034140565249176284,1.2754302432686762,49.99999951537625,1.041188253403071,0.4999999951537616,5.728471674493691,5.964417417435051,0.0,0.0,,,,0.8,none,,1.395621882855072e-124,0.16733860969543457,ok
C5,0.5,0.6,2.0,10.0,20,200,5,1.0,base,Base (dense),0.004308869380063769,0,1.0,False,False,False,6.624062577962587e-09,9.723746663796897e-09,52.06109168730043,9.999999902762502,8.643312099457333,0.0037242902847686426,1.3529637074953964,49.99999951381261,1.0412218438705871,0.4999999951381251,5.711027711994293,5.946446804678718,0.0,0.0,,,,0.8,none,,7.332047933326935e-124,0.24337291717529297,ok
C5,0.5,0.6,2.0,10.0,20,200,5,1.0,base,Base (dense),0.004742747411323311,0,1.0,False,False,False,6.646092866239194e-09,9.756085872396145e-09,52.06290839262599,9.999999902439125,8.562597290006495,0.004061023613138222,1.4333417839412412,49.99999951219568,1.0412581780111245,0.49999999512195625,5.692946024435115,5.927826604918983,0.0,0.0,,,,0.8,none,,3.7970086154479495e-123,0.17594313621520996,ok
C5,0.5,0.6,2.0,10.0,20,200,5,1.0,base,Base (dense),0.005220314431365072,0,1.0,False,False,False,6.668837979892814e-09,9.78947440394427e-09,52.064872552270316,9.999999902105245,8.479033825839386,0.004426322264506201,1.5165399497908636,49.99999951052625,1.0412974612391617,0.4999999951052622,5.674232454541993,5.908563849395435,0.0,0.0,,,,0.8,none,,1.9374476810500887e-122,0.16284584999084473,ok
C5,0.5,0.6,2.0,10.0,20,200,5,1.0,base,Base (dense),0.005745969666707332,0,1.0,False,False,False,6.6922839027093804e-09,9.82389168343741e-09,52.066995121272754,9.999999901761093,8.392649718924861,0.0048223910708241925,1.602527988243221,49.999999508805445,1.041339912655465,0.49999999508805465,5.654894150451765,5.888666980707341,0.0,0.0,,,,0.8,none,,9.736578960009936e-122,0.16153669357299805,ok
C5,0.5,0.6,2.0,10.0,20,200,5,1.0,base,Base (dense),0.00632455532033676,0,1.0,False,False,False,6.716415237730519e-09,9.85931510901767e-09,52.0692877736993,9.999999901406804,8.303478176614284,0.005251580707920608,1.691270341270991,49.99999950703425,1.0413857657413363,0.4999999950703402,5.6349394871515575,5.868145772733418,0.0,0.0,,,,0.8,none,,4.8171401169479915e-121,0.15946078300476074,ok
C5,0.5,0.6,2.0,10.0,20,200,5,1.0,base,Base (dense),0.00696140117685682,0,1.0,False,False,False,6.741215375747651e-09,9.895720299312873e-09,52.07176293725692,9.999999901042793,8.211557253050252,0.005716394432521102,1.7827264514744339,49.99999950521399,1.0414352690508903,0.49999999505213966,5.614377990373908,5.847011252958448,0.0,0.0,,,,0.8,none,,2.3453071857072258e-120,0.1594691276550293,ok
C5,0.5,0.6,2.0,10.0,20,200,5,1.0,base,Base (dense),0.007662373699114571,0,1.0,False,False,False,6.766666664192976e-09,9.933081341358883e-09,52.074433827478764,9.999999900669135,8.116929519272611,0.006219494726604104,1.8768510853316498,49.99999950334593,1.041488686894767,0.4999999950334567,5.593220264674559,5.825275628969108,0.0,0.0,,,,0.8,none,,1.1232112743310307e-119,0.2262718677520752,ok
C5,0.5,0.6,2.0,10.0,20,200,5,1.0,base,Base (dense),0.008433930068571646,0,1.0,False,False,False,6.792750574557578e-09,9.971371036359891e-09,52.07731448110531,9.999999900286276,8.019641758387277,0.006763709776523519,1.9735946315499233,49.99999950143147,1.0415463000077505,0.4999999950143138,5.57147792710248,5.802952220548439,0.0,0.0,,,,0.8,none,,5.289331012426191e-119,0.2462015151977539,ok
C5,0.5,0.6,2.0,10.0,20,200,5,1.0,base,Base (dense),0.009283177667225556,0,1.0,False,False,False,6.819447866848874e-09,1.0010561141102542e-08,52.08041978823727,9.999999899894373,7.919744690774374,0.007352039704352465,2.0729033696269004,49.99999949947196,1.0416084061918296,0.49999999499471864,5.549163547552738,5.7800553984642065,0.0,0.0,,,,0.8,none,,2.448197905721189e-118,0.17437481880187988,ok
C5,0.5,0.6,2.0,10.0,20,200,5,1.0,base,Base (dense),0.010217939549013856,0,1.0,False,False,False,6.846738749959917e-09,1.0050622603368955e-08,52.083765522785484,9.999999899493746,7.817292732989068,0.007987662458262743,2.1747197050589233,49.99999949746885,1.0416753209251957,0.4999999949746873,5.526290596592254,5.756600530731127,0.0,0.0,,,,0.8,none,,1.1133463483632948e-117,0.16498041152954102,ok
C5,0.5,0.6,2.0,10.0,20,200,5,1.0,base,Base (dense),0.011246826503806984,0,1.0,False,False,False,6.874603037151801e-09,1.0091525790176052e-08,52.08736837068763,9.999999899084752,7.712343792777585,0.008673939257508204,2.278982368880155,49.999999495423666,1.041747377926574,0.49999999495423764,5.502873401265033,5.732603936829736,0.0,0.0,,,,0.8,none,,4.972630113573795e-117,0.16750168800354004,ok
C5,0.5,0.6,2.0,10.0,20,200,5,1.0,base,Base (dense),0.012379316377825208,0,1.0,False,False,False,6.9030202961388356e-09,1.0133240708092031e-08,52.091245955305155,9.999999898667552,7.604959101515676,0.00941441947580837,2.385626580340964,49.99999949333799,1.0418249296631654,0.4999999949333776,5.478927109128259,5.708082850097159,0.0,0.0,,,,0.8,none,,2.1804736597025467e-116,0.17358827590942383,ok
C5,0.5,0.6,2.0,10.0,20,200,5,1.0,base,Base (dense),0.013625841381159225,0,1.0,False,False,False,6.931969993510657e-09,1.0175737215239809e-08,52.095416859353634,9.999999898242576,7.495203084387989,0.01021284483474458,2.4945841725346902,49.999999491213174,1.0419083477892574,0.4999999949121288,5.454467660543129,5.683055388266427,0.0,0.0,,,,0.8,none,,9.383475473733716e-116,0.2074880599975586,ok
C5,0.5,0.6,2.0,10.0,20,200,5,1.0,base,Base (dense),0.01499788418664912,0,1.0,False,False,False,6.961431633420777e-09,1.0218985224883906e-08,52.099900642659215,9.999999897810138,7.383143267763637,0.011073152766335711,2.6057836816598896,49.99999948905076,1.0419980235013464,0.4999999948905069,5.429511769044005,5.6575405319211525,0.0,0.0,,,,0.8,none,,3.9615655907299606e-115,0.1685636043548584,ok
C5,0.5,0.6,2.0,10.0,20,200,5,1.0,base,Base (dense),0.016508083705360364,0,1.0,False,False,False,6.991384890621159e-09,1.0262954900717647e-08,52.10471785497209,9.999999897370442,7.268850222482944,0.011999478791447573,2.719150401355167,49.99999948685224,1.0420943677944097,0.4999999948685221,5.404076909438829,5.631558110454024,0.0,0.0,,,,0.8,none,,1.640231128485933e-114,0.1684713363647461,ok
C5,0.5,0.6,2.0,10.0,20,200,5,1.0,base,Base (dense),0.018170351513033735,0,1.0,False,False,False,7.021809738024103e-09,1.0307616844116724e-08,52.1098900430069,9.999999896923782,7.1523975411413705,0.01299615774834969,2.8346064041864976,49.99999948461917,1.0421978116027135,0.4999999948461891,5.378181313146627,5.605128794964023,0.0,0.0,,,,0.8,none,,6.657727203176414e-114,0.16962027549743652,ok
C5,0.5,0.6,2.0,10.0,20,200,5,1.0,base,Base (dense),0.020000000000000004,0,1.0,False,False,False,7.052686569032118e-09,1.0352942273712503e-08,52.11543975082159,9.99999989647054,7.033861846927567,0.01406772369385512,2.952070532908038,49.99999948235288,1.0423088058073948,0.49999999482352697,5.351843970154104,5.578274097398832,0.0,0.0,,,,0.8,none,,2.6483802249014506e-113,0.29877471923828125,ok
C5,0.5,0.6,2.0,10.0,20,200,5,1.0,base,Base (dense),0.022013883425044185,0,1.0,False,False,False,7.0839963148927504e-09,1.0398903197662215e-08,52.12139051259067,9.999999896010939,6.913322831128891,0.015218908288416787,3.071458364571753,49.999999480054875,1.0424278210919187,0.49999999480054697,5.325084636869176,5.551016375141587,0.0,0.0,,,,0.8,none,,1.0321001130125165e-112,0.16686296463012695,ok
C5,0.5,0.6,2.0,10.0,20,200,5,1.0,base,Base (dense),0.024230553172571768,0,1.0,False,False,False,7.115720557316403e-09,1.044547257896551e-08,52.127766836780154,9.999999895545256,6.7908633160451926,0.01645463746671002,3.192682150942841,49.999999477726384,1.0425553476255862,0.4999999947772628,5.297923849061842,5.523378840152553,0.0,0.0,,,,0.8,none,,3.9391950998357924e-112,0.17911648750305176,ok
C5,0.5,0.6,2.0,10.0,20,200,5,1.0,base,Base (dense),0.026670428643266485,0,1.0,False,False,False,7.1478416365394434e-09,1.0492624494094947e-08,52.13459418069043,9.99999989507374,6.666569339736848,0.017780026187084,3.315650739002327,49.999999475368796,1.0426918945543826,0.499999994753687,5.270382939008201,5.495385571701556,0.0,0.0,,,,0.8,none,,1.471966130616615e-111,0.23686742782592773,ok
C5,0.5,0.6,2.0,10.0,20,200,5,1.0,base,Base (dense),0.029355985352441386,0,1.0,False,False,False,7.180342754932363e-09,1.0540334285086873e-08,52.14189891430374,9.999999894596616,6.540530258763741,0.019200371047346756,3.4402694755922965,49.99999947298331,1.0428379892779351,0.4999999947298308,5.242484055890812,5.4670615316668085,0.0,0.0,,,,0.8,none,,5.383403747959965e-111,0.22530031204223633,ok
C5,0.5,0.6,2.0,10.0,20,200,5,1.0,base,Base (dense),0.03231196196879748,0,1.0,False,False,False,7.213208076141611e-09,1.0588578705075992e-08,52.149708272356236,9.999999894114195,6.412838864837022,0.02072114055126403,3.566440100497519,49.999999470571055,1.042994176490951,0.49999999470570977,5.214250188454374,5.438432581324755,0.0,0.0,,,,0.8,none,,1.9264286802072207e-110,0.1655867099761963,ok
C5,0.5,0.6,2.0,10.0,20,200,5,1.0,base,Base (dense),0.03556558820077846,0,1.0,False,False,False,7.246422819624083e-09,1.0637336057066604e-08,52.1580502935572,9.9999998936266,6.283591511096577,0.022347962810556732,3.6940606324662673,49.99999946813317,1.0431610169675989,0.49999999468132994,5.185705188868496,5.409525498514215,0.0,0.0,,,,0.8,none,,6.74307415864975e-110,0.1872549057006836,ok
C5,0.5,0.6,2.0,10.0,20,200,5,1.0,base,Base (dense),0.0391468356297532,0,1.0,False,False,False,7.279973350286201e-09,1.0686586325517689e-08,52.166953745899264,9.99999989313412,6.152888243537114,0.02408661047179876,3.823025252856967,49.999999465670676,1.0433390860677187,0.499999994656706,5.156873796708804,5.380367994024731,0.0,0.0,,,,0.8,none,,2.308067543575626e-109,0.16134142875671387,ok
C5,0.5,0.6,2.0,10.0,20,200,5,1.0,base,Base (dense),0.04308869380063767,0,1.0,False,False,False,7.313847262783284e-09,1.0736311300089566e-08,52.17644803705103,9.999999892636874,6.020832932932272,0.025942982667191288,3.953224191763663,49.99999946318444,1.0435289719446725,0.4999999946318437,5.127781661931147,5.350988726031754,0.0,0.0,,,,0.8,none,,7.723352995048351e-109,0.1656649112701416,ok
C5,0.5,0.6,2.0,10.0,20,200,5,1.0,base,Base (dense),0.047427474113233115,0,1.0,False,False,False,7.348033459874517e-09,1.0786494690664533e-08,52.186563108899264,9.999999892135017,5.887533402442566,0.027923083803513958,4.084543621618903,49.99999946067525,1.0437312734361874,0.4999999946067509,5.0984553656835825,5.321417311382488,0.0,0.0,,,,0.8,none,,2.52590024078663e-108,0.2069380283355713,ok
C5,0.5,0.6,2.0,10.0,20,200,5,1.0,base,Base (dense),0.05220314431365072,0,1.0,False,False,False,7.382522224072308e-09,1.0837122232524047e-08,52.19732931541566,9.99999989162878,5.7531015459458965,0.030032999025410043,4.216865563399913,49.9999994581439,1.04394659762169,0.499999994581439,5.068922437775005,5.2916843325234595,0.0,0.0,,,,0.8,none,,8.07180751859656e-108,0.16291165351867676,ok
C5,0.5,0.6,2.0,10.0,20,200,5,1.0,base,Base (dense),0.05745969666707329,0,1.0,False,False,False,7.4173052816788825e-09,1.0888181780350797e-08,52.208777283169134,9.999999891118154,5.617653431994403,0.03227886621831399,4.350067810669129,49.999999455590896,1.0441755570325564,0.4999999945559077,5.039211369600118,5.261821338856995,0.0,0.0,,,,0.8,none,,2.5198026745612956e-107,0.16562175750732422,ok
C5,0.5,0.6,2.0,10.0,20,200,5,1.0,base,Base (dense),0.0632455532033676,0,1.0,False,False,False,7.452375858177502e-09,1.0939663389539862e-08,52.220937753988316,9.999999890603346,5.481309388189009,0.03466684445348254,4.484023876754161,49.99999945301682,1.0444187665053564,0.4999999945301673,5.009351621309449,5.231860841319621,0.0,0.0,,,,0.8,none,,7.682560649066408e-107,0.17504119873046875,ok
C5,0.5,0.6,2.0,10.0,20,200,5,1.0,base,Base (dense),0.0696140117685682,0,1.0,False,False,False,7.487728723847882e-09,1.0991559383159546e-08,52.23384140950822,9.999999890084359,5.344194060677368,0.037203078823350555,4.618602970414923,49.99999945042199,1.0446768396727928,0.49999999450421795,4.979373622010007,5.2018362989914815,0.0,0.0,,,,0.8,none,,2.2871666448075525e-106,0.17252087593078613,ok
C5,0.5,0.6,2.0,10.0,20,200,5,1.0,base,Base (dense),0.07662373699114575,0,1.0,False,False,False,7.523360228413581e-09,1.1043864402811758e-08,52.24751867760811,9.999999889561305,5.20643644343115,0.03989366167025836,4.753670005337287,49.999999447806836,1.0449503850924515,0.49999999447806526,4.949308761792789,5.17178209657682,0.0,0.0,,,,0.8,none,,6.647477167900283e-106,0.17864060401916504,ok
C5,0.5,0.6,2.0,10.0,20,200,5,1.0,base,Base (dense),0.08433930068571646,0,1.0,False,False,False,7.55926832351328e-09,1.1096575441618609e-08,52.26199952106885,9.99999988903424,5.068169871960008,0.04274459027575237,4.889085648729998,49.99999944517123,1.0452400020199615,0.49999999445171206,4.919189374406685,5.141733511641416,0.0,0.0,,,,0.8,none,,1.885838621767667e-105,0.17323017120361328,ok
C5,0.5,0.6,2.0,10.0,20,200,5,1.0,base,Base (dense),0.09283177667225556,0,1.0,False,False,False,7.595452571820962e-09,1.114969185761028e-08,52.27731320914529,9.999999888503064,4.929531976180473,0.04576172115115259,5.02470641416531,49.99999944251539,1.045546275840425,0.4999999944251532,4.8890487094403925,5.111726670557839,0.0,0.0,,,,0.8,none,,5.2211832141650144e-105,0.16095638275146484,ok
C5,0.5,0.6,2.0,10.0,20,200,5,1.0,base,Base (dense),0.10217939549013855,0,1.0,False,False,False,7.631914141729865e-09,1.1203215365921388e-08,52.293488073162685,9.999999887967842,4.790664587299446,0.04895072115262697,5.160384803580085,49.9999994398392,1.0458697731803586,0.4999999943983921,4.858920892936821,5.081798492197138,0.0,0.0,,,,0.8,none,,1.410538993184445e-104,0.17366337776184082,ok
C5,0.5,0.6,2.0,10.0,20,200,5,1.0,base,Base (dense),0.11246826503806984,0,1.0,False,False,False,7.668655786660735e-09,1.1257150008416671e-08,52.310551247701994,9.999999887428466,4.651713593806962,0.05231701573494745,5.295969503029625,49.999999437142534,1.0462110367313937,0.4999999943714233,4.828840875451105,5.051986618516631,0.0,0.0,,,,0.8,none,,3.717877829847348e-104,0.15709590911865234,ok
C5,0.5,0.6,2.0,10.0,20,200,5,1.0,base,Base (dense),0.12379316377825209,0,1.0,False,False,False,7.705681808258107e-09,1.131150209966523e-08,52.32852839943164,9.99999988688497,4.51282874201968,0.05586573475640432,5.431305636338946,49.999999434424915,1.0465705798269178,0.49999999434424847,4.798844366679459,5.02232933133486,0.0,0.0,,,,0.8,none,,9.559789109404618e-104,0.16711163520812988,ok
C5,0.5,0.6,2.0,10.0,20,200,5,1.0,base,Base (dense),0.13625841381159226,0,1.0,False,False,False,7.742998002991702e-09,1.1366280148554427e-08,52.347443446165954,9.999999886337193,4.3741633770925095,0.059601656351537996,5.5662350802187595,49.99999943168598,1.0469488808232337,0.49999999431685965,4.768967755931653,4.992865454754733,0.0,0.0,,,,0.8,none,,2.3977359800998536e-103,0.1574268341064453,ok
C5,0.5,0.6,2.0,10.0,20,200,5,1.0,base,Base (dense),0.14997884186649119,0,1.0,False,False,False,7.780611591977872e-09,1.1421494755271743e-08,52.36731826927327,9.999999885785053,4.23587412103535,0.06352914949651228,5.700596843683085,49.999999428925285,1.047346377347726,0.4999999942892527,4.739248017901286,4.9636342429013025,0.0,0.0,,,,0.8,none,,5.865680293488596e-103,0.17138934135437012,ok
C5,0.5,0.6,2.0,10.0,20,200,5,1.0,base,Base (dense),0.16508083705360366,0,1.0,False,False,False,7.81853113416697e-09,1.1477158483868799e-08,52.38817242310813,9.999999885228371,4.09812048504448,0.06765211600176595,5.8342275137253825,49.9999994261421,1.0477634604875095,0.49999999426141856,4.709722603402721,4.934675252877477,0.0,0.0,,,,0.8,none,,1.3994941062773085e-102,0.23257684707641602,ok
C5,0.5,0.6,2.0,10.0,20,200,5,1.0,base,Base (dense),0.18170351513033736,0,1.0,False,False,False,7.856766423393042e-09,1.1533285711136169e-08,52.410022845687934,9.999999884667092,3.9610644143946465,0.07197393277531965,5.966961768162941,49.999999423335694,1.0482004690029545,0.4999999942333546,4.6804293149964575,4.906028203114464,0.0,0.0,,,,0.8,none,,3.2564074315402978e-102,0.15945959091186523,ok
C5,0.5,0.6,2.0,10.0,20,200,5,1.0,base,Base (dense),0.20000000000000004,0,1.0,False,False,False,7.895328370139451e-09,1.1589892453042027e-08,52.4328835753595,9.999999884100992,3.8248697652318664,0.07649739530463709,6.098632955362504,49.999999420505375,1.0486576836610197,0.4999999942050496,4.651406167710054,4.877732817597407,0.0,0.0,,,,0.8,none,,7.389387472525154e-102,0.15735149383544922,ok
C5,0.5,0.6,2.0,10.0,20,200,5,1.0,base,Base (dense),0.22013883425044187,0,1.0,False,False,False,7.93422886922238e-09,1.1646996170499085e-08,52.4567654786881,9.999999883529982,3.6897017138533648,0.08122466340195315,6.229073739214699,49.99999941765022,1.0491353217930364,0.4999999941764991,4.622691235380222,4.849828656780478,0.0,0.0,,,,0.8,none,,1.6352159224093954e-101,0.17058086395263672,ok
C5,0.5,0.6,2.0,10.0,20,200,5,1.0,base,Base (dense),0.24230553172571756,0,1.0,False,False,False,7.973480654922388e-09,1.1704615556705965e-08,52.48167599523317,9.999999882953782,3.555726100436434,0.08615721034372605,6.358116806266057,49.99999941476919,1.049633532190221,0.4999999941476891,4.594322483483251,4.822354936359473,0.0,0.0,,,,0.8,none,,3.5289189784318854e-101,0.2713494300842285,ok
C5,0.5,0.6,2.0,10.0,20,200,5,1.0,base,Base (dense),0.26670428643266486,0,1.0,False,False,False,8.013097145390236e-09,1.1762770308743796e-08,52.50761890522918,9.999999882372258,3.423108710651474,0.0912957766055736,6.485595630370694,49.99999941186153,1.050152390457284,0.4999999941186129,4.56633758968093,4.795350335438381,0.0,0.0,,,,0.8,none,,7.427101643427527e-101,0.2225182056427002,ok
C5,0.5,0.6,2.0,10.0,20,200,5,1.0,base,Base (dense),0.2935598535244138,0,1.0,False,False,False,8.053092278410754e-09,1.1821480886486947e-08,52.53459412645077,9.999999881785152,3.2920145001208954,0.09664032944557309,6.611345288648379,49.99999940892596,1.0506918949497495,0.4999999940892576,4.5387737536718005,4.768852795993611,0.0,0.0,,,,0.8,none,,1.524501528809743e-100,0.17401766777038574,ok
C5,0.5,0.6,2.0,10.0,20,200,5,1.0,base,Base (dense),0.32311961968797465,0,1.0,False,False,False,8.093480340823033e-09,1.1880768262201558e-08,52.56259754668074,9.999999881192274,3.162606768209929,0.10219002961666024,6.735203320981137,49.99999940596155,1.0512519634232964,0.4999999940596137,4.5116674982928835,4.742899315893466,0.0,0.0,,,,0.8,none,,3.052079250194366e-100,0.25124597549438477,ok
C5,0.5,0.6,2.0,10.0,20,200,5,1.0,base,Base (dense),0.3556558820077846,0,1.0,False,False,False,8.134275794064301e-09,1.1940653664453896e-08,52.59162089819795,9.999999880593426,3.0350462890938887,0.10794320648821361,6.857010623824471,49.99999940296738,1.0518324305235245,0.4999999940296713,4.485054464145067,4.71752573805209,0.0,0.0,,,,0.8,none,,5.960205379783482e-100,0.17437458038330078,ok
C5,0.5,0.6,2.0,10.0,20,200,5,1.0,base,Base (dense),0.39146835629753196,0,1.0,False,False,False,8.175493098429656e-09,1.2001158320133659e-08,52.62165168052889,9.999999879988389,2.9094904093726885,0.11389734282205567,6.976612367816867,49.999999399942084,1.0524330462409934,0.4999999939994194,4.458969200301836,4.692766538568428,0.0,0.0,,,,0.8,none,,1.1354608485625839e-99,0.18306279182434082,ok
C5,0.5,0.6,2.0,10.0,20,200,5,1.0,base,Base (dense),0.4308869380063765,0,1.0,False,False,False,8.217146538719066e-09,1.2062303198513682e-08,52.6526731373283,9.999999879376954,2.786092122634355,0.12004907037255999,7.093858927616131,49.99999939688485,1.0530534754488161,0.4999999939688477,4.433444953887661,4.668654616902418,0.0,0.0,,,,0.8,none,,2.110509980844436e-99,0.18517494201660156,ok
C5,0.5,0.6,2.0,10.0,20,200,5,1.0,base,Base (dense),0.4742747411323311,0,1.0,False,False,False,8.259250053972815e-09,1.2124108761311275e-08,52.68466429263668,9.99999987875889,2.6649991322534183,0.12639417735673764,7.208606811630953,49.999999393794575,1.0536932986278256,0.49999999393794453,4.408513461465137,4.645221091256374,0.0,0.0,,,,0.8,none,,3.828047738307761e-99,0.18873953819274902,ok
C5,0.5,0.6,2.0,10.0,20,200,5,1.0,base,Base (dense),0.5220314431365073,0,1.0,False,False,False,8.301817073971897e-09,1.2186594722680124e-08,52.71760005085812,9.999999878133988,2.546352914316387,0.1329276286595432,7.320719578890082,49.99999939067026,1.054352013866123,0.49999999390669936,4.384204745239036,4.622495102344191,0.0,0.0,,,,0.8,none,,6.776803539478082e-99,0.20419526100158691,ok
C5,0.5,0.6,2.0,10.0,20,200,5,1.0,base,Base (dense),0.5745969666707326,0,1.0,False,False,False,8.344860365083887e-09,1.2249779822920789e-08,52.75145136356892,9.99999987750215,2.430287792889963,0.13964359939314736,7.43006873021474,49.99999938751104,1.0550290401952511,0.4999999938751075,4.360546917065554,4.600503628638033,0.0,0.0,,,,0.8,none,,1.1711878597684908e-98,0.1771409511566162,ok
C5,0.5,0.6,2.0,10.0,20,200,5,1.0,base,Base (dense),0.632455532033676,0,1.0,False,False,False,8.388391887849075e-09,1.2313681619425264e-08,52.78618546466151,9.999999876863201,2.316930039914454,0.14653552210788917,7.536534561114455,49.999999384315906,1.0557237222930762,0.4999999938431601,4.337565993149372,4.579271315979519,0.0,0.0,,,,0.8,none,,1.9764847991478775e-98,0.17253804206848145,ok
C5,0.5,0.6,2.0,10.0,20,200,5,1.0,base,Base (dense),0.696140117685682,0,1.0,False,False,False,8.432422668399239e-09,1.2378316297927066e-08,52.82176617331419,9.999999876216815,2.2063970118690115,0.1535961475503825,7.64000696436379,49.99999938108421,1.056435336543174,0.49999999381084076,4.315285722129498,4.558820324137829,0.0,0.0,,,,0.8,none,,3.258010333614863e-98,0.1670842170715332,ok
C5,0.5,0.6,2.0,10.0,20,200,5,1.0,base,Base (dense),0.7662373699114571,0,1.0,False,False,False,8.47696268535281e-09,1.2443698506469767e-08,52.858154261844774,9.999999875563002,2.0987963350940664,0.16081761837822828,7.740386170964703,49.999999377815044,1.057163098391915,0.49999999377815013,4.293727429013224,4.539170192505971,0.0,0.0,,,,0.8,none,,5.2474335963930364e-98,0.16212940216064453,ok
C5,0.5,0.6,2.0,10.0,20,200,5,1.0,base,Base (dense),0.8433930068571646,0,1.0,False,False,False,8.522020773207554e-09,1.250984121359296e-08,52.895307882672995,9.999999874901562,1.9942251513532352,0.1681915546749988,7.837583419070204,49.999999374507986,1.0579061708876971,0.4999999937450781,4.272909877135668,4.520337726668815,0.0,0.0,,,,0.8,none,,8.261099802313415e-98,0.24715638160705566,ok
C5,0.5,0.6,2.0,10.0,20,200,5,1.0,base,Base (dense),0.9283177667225556,0,1.0,False,False,False,8.567604542434556e-09,1.2576755591034776e-08,52.93318304545107,9.99999987423239,1.8927694349475457,0.17570914947712196,7.931521541342942,49.99999937116228,1.0586636742235742,0.4999999937116195,4.252849150025249,4.502336907084335,0.0,0.0,,,,0.8,none,,1.2717570837395752e-97,0.19252419471740723,ok
C5,0.5,0.6,2.0,10.0,20,200,5,1.0,base,Base (dense),1.021793954901385,0,1.0,False,False,False,8.613720315461146e-09,1.2644450919758465e-08,52.971734132048766,9.999999873555499,1.7945033925030784,0.1833612718509672,8.022135462090455,49.99999936777749,1.0594346960369445,0.4999999936777749,4.2335585547579075,4.48517882061455,0.0,0.0,,,,0.8,none,,1.915327944491735e-97,0.17292261123657227,ok
C5,0.5,0.6,2.0,10.0,20,200,5,1.0,base,Base (dense),1.1246826503806984,0,1.0,False,False,False,8.660373076529646e-09,1.2712934516347878e-08,53.0109144336883,9.999999872870605,1.699488956436973,0.1911385743818257,8.109372596310596,49.999999364353236,1.0602183021522527,0.49999999364353026,4.215048548102673,4.468871615158734,0.0,0.0,,,,0.8,none,,2.8233869808211566e-97,0.31092309951782227,ok
C5,0.5,0.6,2.0,10.0,20,200,5,1.0,base,Base (dense),1.237931637782521,0,1.0,False,False,False,8.707566432079765e-09,1.2782211674851105e-08,53.050676691367684,9.99999987217786,1.6077753830030845,0.19903160130674236,8.193193143512314,49.99999936088943,1.061013547389453,0.49999999360889297,4.197326686501641,4.4534204771975245,0.0,0.0,,,,0.8,none,,4.075861275977416e-97,0.2530510425567627,ok
C5,0.5,0.6,2.0,10.0,20,200,5,1.0,base,Base (dense),1.3625841381159218,0,1.0,False,False,False,8.755302576897815e-09,1.2852285617089449e-08,53.09097361808726,9.999999871477147,1.5193989656051754,0.2070308930003344,8.273570269917343,49.99999935738574,1.0618194860085521,0.4999999935738574,4.180397600681183,4.438827631666679,0.0,0.0,,,,0.8,none,,5.765546776592789e-97,0.18159866333007812,ok
C5,0.5,0.6,2.0,10.0,20,200,5,1.0,base,Base (dense),1.4997884186649117,0,1.0,False,False,False,8.803582259910945e-09,1.2923157442445271e-08,53.13175837962937,9.999999870768388,1.4343828735710125,0.21512708217130988,8.35049017348929,49.99999935384214,1.0626351813251889,0.4999999935384194,4.164262995449405,4.425092363255152,0.0,0.0,,,,0.8,none,,7.996496560807535e-97,0.17275023460388184,ok
C5,0.5,0.6,2.0,10.0,20,200,5,1.0,base,Base (dense),1.6508083705360366,0,1.0,False,False,False,8.852404742303848e-09,1.2994826066379754e-08,53.17298501004105,9.99999987005171,1.352737125609856,0.2233109770091609,8.423952027329273,49.9999993502587,1.063459714020295,0.4999999935025855,4.148921674970023,4.412211057956224,0.0,0.0,,,,0.8,none,,1.0881207362493363e-96,0.17592597007751465,ok
C5,0.5,0.6,2.0,10.0,20,200,5,1.0,base,Base (dense),1.8170351513033727,0,1.0,False,False,False,8.901767739741388e-09,1.3067288135618971e-08,53.21460873879312,9.999999869327086,1.274458705545407,0.23157362668605969,8.493967798441446,49.99999934663562,1.0642921886832746,0.49999999346635426,4.134369593497599,4.40017726348914,0.0,0.0,,,,0.8,none,,1.453664627458468e-96,0.1742570400238037,ok
C5,0.5,0.6,2.0,10.0,20,200,5,1.0,base,Base (dense),2.0000000000000004,0,1.0,False,False,False,8.951667340025225e-09,1.314053790727852e-08,53.25658620898509,9.999999868594573,1.1995318254953233,0.23990636509906435,8.560561940811038,49.99999934297312,1.0651317381761054,0.4999999934297287,4.120599931193973,4.388981767040977,0.0,0.0,,,,0.8,none,,1.9079294001019353e-96,0.18739008903503418,ok
C5,0.5,0.6,2.0,10.0,20,200,5,1.0,base,Base (dense),2.2013883425044187,0,1.0,False,False,False,9.002097887616454e-09,1.3214567079349327e-08,53.298875569960124,9.999999867854292,1.127928338413218,0.24830082953632335,8.623770964196167,49.99999933927164,1.065977525485634,0.4999999933927146,4.107603194210885,4.378612688641805,0.0,0.0,,,,0.8,none,,2.4619503271169366e-96,0.3301854133605957,ok
C5,0.5,0.6,2.0,10.0,20,200,5,1.0,base,Base (dense),2.4230553172571754,0,1.0,False,False,False,9.053051827196632e-09,1.3289364561054143e-08,53.341436433152786,9.999999867106352,1.0596082978924497,0.25674895204181186,8.683642882959386,49.99999933553178,1.0668287428405316,0.4999999933553176,4.095367337728288,4.369055588378845,0.0,0.0,,,,0.8,none,,3.125556215002683e-96,0.1696012020111084,ok
C5,0.5,0.6,2.0,10.0,20,200,5,1.0,base,Base (dense),2.6670428643266484,0,1.0,False,False,False,9.104519499850868e-09,1.3364916173655928e-08,53.38422968663608,9.999999866350782,0.9945206585462818,0.26524292258012944,8.740236552522806,49.999999331754225,1.0676846080022362,0.4999999933175391,4.083877910102382,4.360293585576653,0.0,0.0,,,,0.8,none,,3.906789906838493e-96,0.1741626262664795,ok
C5,0.5,0.6,2.0,10.0,20,200,5,1.0,base,Base (dense),2.9355985352441385,0,1.0,False,False,False,9.156488887514532e-09,1.3441204275320168e-08,53.42721717126259,9.999999865587958,0.9326041054284012,0.27377512458582737,8.793620904397814,49.99999932793978,1.068544357787775,0.49999999327939787,4.073118215740921,4.3523074880325705,0.0,0.0,,,,0.8,none,,4.811386480143735e-96,0.2556443214416504,ok
C5,0.5,0.6,2.0,10.0,20,200,5,1.0,base,Base (dense),3.231196196879746,0,1.0,False,False,False,9.208945303954344e-09,1.3518207307492715e-08,53.470361229029045,9.99999986481788,0.8737879962162995,0.28233804502532756,8.843874093940494,49.999999324089686,1.0694072390370486,0.499999993240894,4.063069493833291,4.345075929415919,0.0,0.0,,,,0.8,none,,5.842347988031706e-96,0.1867361068725586,ok
C5,0.5,0.6,2.0,10.0,20,200,5,1.0,base,Base (dense),3.556558820077846,0,1.0,False,False,False,9.261871033633447e-09,1.3595899264774286e-08,53.513624141841625,9.999999864040992,0.817993395646426,0.29092416260517107,8.891082577707412,49.99999932020504,1.0702724973881494,0.49999999320204963,4.05371110967551,4.338575513042495,0.0,0.0,,,,0.8,none,,6.999645378573896e-96,0.1817786693572998,ok
C5,0.5,0.6,2.0,10.0,20,200,5,1.0,base,Base (dense),3.91468356297532,0,1.0,False,False,False,9.315244923188035e-09,1.3674249095231392e-08,53.55696748576803,9.999999863257512,0.7651341783295518,0.2995258191377318,8.935340139275205,49.99999931628754,1.071139364362387,0.49999999316287563,4.04502075508797,4.33278096043759,0.0,0.0,,,,0.8,none,,8.280067772961e-96,0.1660757064819336,ok
C5,0.5,0.6,2.0,10.0,20,200,5,1.0,base,Base (dense),4.308869380063765,0,1.0,False,False,False,9.369041933755425e-09,1.3753220043239483e-08,53.600351431764125,9.999999862467792,0.7151181738698851,0.3081350802515064,8.976746883410815,49.99999931233901,1.0720070433788311,0.4999999931233896,4.036974654370561,4.327665263427064,0.0,0.0,,,,0.8,none,,9.677227914573515e-96,0.17403244972229004,ok
C5,0.5,0.6,2.0,10.0,20,200,5,1.0,base,Base (dense),4.742747411323311,0,1.0,False,False,False,9.423232665880179e-09,1.3832768952072131e-08,53.643734028504355,9.99999986167223,0.6678483273230191,0.31674359255678436,9.015408218447966,49.99999930836159,1.072874695410914,0.4999999930836115,4.029547772385169,4.323199838941465,0.0,0.0,,,,0.8,none,,1.1181721461991707e-95,0.22962307929992676,ok
C5,0.5,0.6,2.0,10.0,20,200,5,1.0,base,Base (dense),5.220314431365073,0,1.0,False,False,False,9.477782872036917e-09,1.391284554831234e-08,53.68707050617307,9.999999860871524,0.6232238484800515,0.3253424450191285,9.051433845629296,49.99999930435771,1.0737414250622603,0.49999999304357623,4.022714021699685,4.319354686277756,0.0,0.0,,,,0.8,none,,1.2781427750353211e-95,0.16698336601257324,ok
C5,0.5,0.6,2.0,10.0,20,200,5,1.0,base,Base (dense),5.745969666707326,0,1.0,False,False,False,9.532652974815434e-09,1.3993391734575687e-08,53.73031264182228,9.99999986006607,0.5811413251507662,0.33392204263863945,9.084936772144525,49.99999930033037,1.0746062678738328,0.49999999300330356,4.016446466237028,4.316098547198017,0.0,0.0,,,,0.8,none,,1.446193126208264e-95,0.17486071586608887,ok
C5,0.5,0.6,2.0,10.0,20,200,5,1.0,base,Base (dense),6.32455532033676,0,1.0,False,False,False,9.587797611393157e-09,1.4074340920821863e-08,53.77340822711961,9.999999859256564,0.5414957783237109,0.34247200057371024,9.116032361846015,49.99999929628292,1.0754681796788987,0.49999999296282815,4.010717519499475,4.313399069902369,0.0,0.0,,,,0.8,none,,1.620703666870824e-95,0.16846776008605957,ok
C5,0.5,0.6,2.0,10.0,20,200,5,1.0,base,Base (dense),6.96140117685682,0,1.0,False,False,False,9.64316522694183e-09,1.4155617427498817e-08,53.8163006779281,9.999999858443763,0.5041816405232179,0.3509810665687932,9.144837434464225,49.9999992922191,1.0763260287946221,0.49999999292218816,4.005499136108572,4.311222978508029,0.0,0.0,,,,0.8,none,,1.799934609574988e-95,0.17323732376098633,ok
C5,0.5,0.6,2.0,10.0,20,200,5,1.0,base,Base (dense),7.662373699114571,0,1.0,False,False,False,9.698697740924578e-09,1.4237135995685858e-08,53.85892882201244,9.999999857628616,0.4690936425565278,0.3594370789146984,9.171469420900157,49.999999288143215,1.0771785917761865,0.4999999928814308,4.000762996038597,4.309536250103133,0.0,0.0,,,,0.8,none,,1.982086526331888e-95,0.2425670623779297,ok
C5,0.5,0.6,2.0,10.0,20,200,5,1.0,base,Base (dense),8.433930068571646,0,1.0,False,False,False,9.7543303106366e-09,1.4318801439984857e-08,53.90122689598678,9.999999856811947,0.4361275978613781,0.3678269661336992,9.196045579192976,49.999999284059896,1.0780245533557558,0.4999999928405973,3.9964806814374563,4.30830430160152,0.0,0.0,,,,0.8,none,,2.165360530969047e-95,0.1690378189086914,ok
C5,0.5,0.6,2.0,10.0,20,200,5,1.0,base,Base (dense),9.283177667225555,0,1.0,False,False,False,9.809991215578094e-09,1.4400508478786293e-08,53.94312477506007,9.999999855994927,0.405181077594492,0.3761367930707571,9.218682273339825,49.99999927997456,1.0788625110373704,0.4999999927997464,3.992623846248102,4.307492188390911,0.0,0.0,,,,0.8,none,,2.3480149271929393e-95,0.16633129119873047,ok
C5,0.5,0.6,2.0,10.0,20,200,5,1.0,base,Base (dense),10.21793954901385,0,1.0,False,False,False,9.865601884055436e-09,1.4482141773318258e-08,53.984548448873504,9.999999855178551,0.3761539732929705,0.38435185602289446,9.239494315505585,49.99999927589293,1.0796909846137075,0.49999999275892754,3.9891643789047335,4.307064816045581,0.0,0.0,,,,0.8,none,,2.5284156154390994e-95,0.17075085639953613,ok
C5,0.5,0.6,2.0,10.0,20,200,5,1.0,base,Base (dense),11.246826503806982,0,1.0,False,False,False,9.921077079559712e-09,1.4563576201239525e-08,54.02542074365159,9.999999854364173,0.3489489473284631,0.3924568269289302,9.258594371378434,49.99999927182119,1.0805084306090986,0.49999999271820866,3.9860745581625143,4.3069871651310345,0.0,0.0,,,,0.8,none,,2.7050780962532415e-95,0.1778709888458252,ok
C5,0.5,0.6,2.0,10.0,20,200,5,1.0,base,Base (dense),12.379316377825209,0,1.0,False,False,False,9.97632525888386e-09,1.464467738233514e-08,54.065662275333196,9.999999853553193,0.323471774463544,0.40043594353807227,9.27609242844519,49.99999926776611,1.0813132613421483,0.49999999267765965,3.9833272016480556,4.3072245274069525,0.0,0.0,,,,0.8,none,,2.8766995639423384e-95,0.24039816856384277,ok
C5,0.5,0.6,2.0,10.0,20,200,5,1.0,base,Base (dense),13.625841381159217,0,1.0,False,False,False,1.003124910679026e-08,1.4725302463377976e-08,54.10519260129978,9.999999852746969,0.29963158065200923,0.40827323907502877,9.292095327525992,49.9999992637349,1.082103867960302,0.49999999263734846,3.98089580607936,4.30774274970542,0.0,0.0,,,,0.8,none,,3.042180306358485e-95,0.18777036666870117,ok
C5,0.5,0.6,2.0,10.0,20,200,5,1.0,base,Base (dense),14.997884186649118,0,1.0,False,False,False,1.0085746243846424e-08,1.4805301157191237e-08,54.14393152148971,9.99999985194698,0.27734098782712907,0.4159528015642126,9.306706358661678,49.99999925973491,1.0828786464621394,0.49999999259734895,3.978754677429084,4.308508479699312,0.0,0.0,,,,0.8,none,,3.2006343627721934e-95,0.184051513671875,ok
C5,0.5,0.6,2.0,10.0,20,200,5,1.0,base,Base (dense),16.508083705360367,0,1.0,False,False,False,1.0139710095691824e-08,1.488451701868264e-08,54.18180046539226,9.9999998511548,0.2565161757628122,0.4234590501271421,9.320024922955245,49.99999925577417,1.0836360254372435,0.49999999255774,3.9768790487619663,4.309489406045063,0.0,0.0,,,,0.8,none,,3.3513900849195575e-95,0.17269182205200195,ok
C5,0.5,0.6,2.0,10.0,20,200,5,1.0,base,Base (dense),18.170351513033726,0,1.0,False,False,False,1.0193030904609764e-08,1.4962788929774343e-08,54.21872389215131,9.999999850372069,0.2370768740576067,0.43077701372379346,9.332146261846532,49.99999925186058,1.0843744940682922,0.49999999251860344,3.975245183227669,4.31065448435992,0.0,0.0,,,,0.8,none,,3.493981839448355e-95,0.23926067352294922,ok
C5,0.5,0.6,2.0,10.0,20,200,5,1.0,base,Base (dense),20.000000000000004,0,1.0,False,False,False,1.0245596859002269e-08,1.5039952757407745e-08,54.254630628871574,9.999999849600426,0.21894629869398805,0.4378925973879756,9.34316125431761,49.999999248002354,1.0850926288971736,0.4999999924800213,3.9738304598484784,4.311974140468649,0.0,0.0,,,,0.8,none,,3.628134533286071e-95,0.4019489288330078,ok
C5,0.5,0.6,2.0,10.0,20,200,5,1.0,base,Base (dense),22.013883425044163,0,1.0,False,False,False,1.0297295314041887e-08,1.5115843145390827e-08,54.289455078272454,9.999999848841513,0.2020510482553818,0.44479282222019423,9.353156280682912,49.999999244207835,1.0857891179780672,0.49999999244207566,3.9726134403396154,4.3134204434541665,0.0,0.0,,,,0.8,none,,3.753742902615559e-95,0.17519021034240723,ok
C5,0.5,0.6,2.0,10.0,20,200,5,1.0,base,Base (dense),24.230553172571756,0,1.0,False,False,False,1.0348014077644545e-08,1.5190295402133078e-08,54.32313824066539,9.999999848097,0.18632097457739344,0.45146602816629133,9.362213149159317,49.999999240485224,1.0864627813169987,0.49999999240485,3.971573916170437,4.314967243168578,0.0,0.0,,,,0.8,none,,3.8708475694397926e-95,0.16648292541503906,ok
C5,0.5,0.6,2.0,10.0,20,200,5,1.0,base,Base (dense),26.670428643266483,0,1.0,False,False,False,1.0397642739408273e-08,1.5263147451451865e-08,54.35562851486649,9.999999847368487,0.1716890413190272,0.45790203253299416,9.370409078779492,49.99999923684269,1.0871125868900882,0.49999999236842435,3.970692936258436,4.316590269682108,0.0,0.0,,,,0.8,none,,3.9796097509323865e-95,0.16829919815063477,ok
C5,0.5,0.6,2.0,10.0,20,200,5,1.0,base,Base (dense),29.355985352441355,0,1.0,False,False,False,1.0446074024967276e-08,1.5334241820687067e-08,54.3868822649201,9.999999846657508,0.15809118176961504,0.4640922416378955,9.377816729934981,49.999999233287916,1.0877376619780341,0.4999999923328754,3.9699528168703493,4.318267195185665,0.0,0.0,,,,0.8,none,,4.080286242646197e-95,0.17547392845153809,ok
C5,0.5,0.6,2.0,10.0,20,200,5,1.0,base,Base (dense),32.31196196879746,0,1.0,False,False,False,1.0493205162474653e-08,1.5403427646619925e-08,54.41686416070102,9.999999845965688,0.14546616441245333,0.4700297172242014,9.384504272397656,49.999999229828646,1.0883372999781447,0.4999999922982844,3.9693371362656107,4.319977661586296,0.0,0.0,,,,0.8,none,,4.173205939251783e-95,0.21102428436279297,ok
C5,0.5,0.6,2.0,10.0,20,200,5,1.0,base,Base (dense),35.565588200778464,0,1.0,False,False,False,1.0538939249756302e-08,1.5470562682377087e-08,54.44554731721634,9.999999845294337,0.13375547170295968,0.4757092026188336,9.39053548038387,49.999999226471886,1.0889109631903917,0.4999999922647168,3.968830717184921,4.321703278989445,0.0,0.0,,,,0.8,none,,4.2587487626940776e-95,0.17929840087890625,ok
C5,0.5,0.6,2.0,10.0,20,200,5,1.0,base,Base (dense),39.146835629753156,0,1.0,False,False,False,1.0583186608673961e-08,1.553551528555845e-08,54.472913267459894,9.999999844644794,0.12290319457013539,0.4811271156208645,9.395969845164206,49.999999223224215,1.089458282274494,0.4999999922322397,3.96841960037737,4.323427601171564,0.0,0.0,,,,0.8,none,,4.337327488869158e-95,0.21112513542175293,ok
C5,0.5,0.6,2.0,10.0,20,200,5,1.0,base,Base (dense),43.08869380063765,0,1.0,False,False,False,1.0625866106969219e-08,1.559816635862888e-08,54.49895180622501,9.999999844018296,0.11285594264604992,0.4862815156257967,9.400862697709858,49.99999922009167,1.089979053126175,0.4999999922009148,3.9680910119886232,4.3251360839658455,0.0,0.0,,,,0.8,none,,4.409372638435821e-95,0.173722505569458,ok
C5,0.5,0.6,2.0,10.0,20,200,5,1.0,base,Base (dense),47.42747411323311,0,1.0,False,False,False,1.0666906418147931e-08,1.565841119835678e-08,54.52366073819109,9.999999843415862,0.10356276838867673,0.49117205168487055,9.40526533651059,49.99999921707946,1.0904732318388997,0.4999999921707931,3.967833326915238,4.326816031399353,0.0,0.0,,,,0.8,none,,4.475320346983493e-95,0.17071533203125,ok
C5,0.5,0.6,2.0,10.0,20,200,5,1.0,base,Base (dense),52.20314431365067,0,1.0,False,False,False,1.0706247178801327e-08,1.5716161194695603e-08,54.547045554944155,9.999999842838363,0.09497510217058902,0.4957998964814967,9.409225158509551,49.99999921419194,1.0909409282442866,0.49999999214191815,3.96763602933794,4.3284565327814075,0.0,0.0,,,,0.8,none,,4.535602960379255e-95,0.1703944206237793,ok
C5,0.5,0.6,2.0,10.0,20,200,5,1.0,base,Base (dense),57.45969666707326,0,1.0,False,False,False,1.0743839992950001e-08,1.5771345305103597e-08,54.569119055113816,9.99999984228652,0.08704669501157396,0.5001676691236273,9.412785793578278,49.99999921143267,1.0913823983148463,0.499999992114326,3.967489670774258,4.330048392178989,0.0,0.0,,,,0.8,none,,4.590642006206834e-95,0.17451167106628418,ok
C5,0.5,0.6,2.0,10.0,20,200,5,1.0,base,Base (dense),63.24555320336759,0,1.0,False,False,False,1.077964922749037e-08,1.5823911222213937e-08,54.58990091223133,9.999999841760843,0.07973356579244488,0.5042793477420308,9.41598724470468,49.999999208804454,1.0917980355211414,0.49999999208804213,3.9673858253092766,4.33158405022709,0.0,0.0,,,,0.8,none,,4.640843157639446e-95,0.20154070854187012,ok
C5,0.5,0.6,2.0,10.0,20,200,5,1.0,base,Base (dense),69.61401176856813,0,1.0,False,False,False,1.081365254399058e-08,1.587382615448079e-08,54.60941718833624,9.99999984126174,0.07299395030657863,0.5081401715676437,9.418866036864038,49.999999206308665,1.0921883611039336,0.499999992063087,3.967317041285352,4.333057497301155,0.0,0.0,,,,0.8,none,,4.6865928147099396e-95,0.16857647895812988,ok
C5,0.5,0.6,2.0,10.0,20,200,5,1.0,base,Base (dense),76.6237369911457,0,1.0,False,False,False,1.0845841121069485e-08,1.5921077152619064e-08,54.62769978889365,9.999999840789155,0.06678825018883651,0.511756531656824,9.421455377365186,49.999999203946125,1.0925540131725102,0.4999999920394577,3.967276788695838,4.3344641768557866,0.0,0.0,,,,0.8,none,,4.7282559632010817e-95,0.2281327247619629,ok
C5,0.5,0.6,2.0,10.0,20,200,5,1.0,base,Base (dense),84.33930068571647,0,1.0,False,False,False,1.087621953797519e-08,1.5965670938704252e-08,54.644785856238684,9.999999840343248,0.06107898044629626,0.5151358497437167,9.423785329466739,49.99999920171646,1.0928957345735872,0.4999999920171624,3.967259401799816,4.3358008781739805,0.0,0.0,,,,0.8,none,,4.766175019545425e-95,0.163651704788208,ok
C5,0.5,0.6,2.0,10.0,20,200,5,1.0,base,Base (dense),92.83177667225546,0,1.0,False,False,False,1.0904805311804382e-08,1.6007633226836822e-08,54.66071710361473,9.999999839923602,0.055830714893214436,0.5182864456419247,9.425882999541258,49.999999199618365,1.0932143595720685,0.49999999199618006,3.967260016958257,4.337065618694894,0.0,0.0,,,,0.8,none,,4.800669421216031e-95,0.17432212829589844,ok
C5,0.5,0.6,2.0,10.0,20,200,5,1.0,base,Base (dense),102.1793954901385,0,1.0,False,False,False,1.0931628105012818e-08,1.604700755981272e-08,54.67553909840757,9.99999983952987,0.05101002921325507,0.5212173948944703,9.427772736362403,49.99999919764965,1.0935107995157267,0.49999999197649353,3.967274506269023,4.338257517248599,0.0,0.0,,,,0.8,none,,4.832035769834802e-95,0.2207167148590088,ok
C5,0.5,0.6,2.0,10.0,20,200,5,1.0,base,Base (dense),112.46826503806983,0,1.0,False,False,False,1.09567286429674e-08,1.608385372015146e-08,54.68930050973153,9.999999839161424,0.04658544163332634,0.5239383796532462,9.429476339552004,49.99999919580729,1.0937860277869256,0.4999999919580712,3.9672994081171185,4.3393766606458435,0.0,0.0,,,,0.8,none,,4.8605483754475826e-95,0.16560101509094238,ok
C5,0.5,0.6,2.0,10.0,20,200,5,1.0,base,Base (dense),123.79316377825197,0,1.0,False,False,False,1.0980157400099482e-08,1.611824580144399e-08,54.702052340662604,9.999999838817512,0.042527351325848096,0.5264595367735957,9.431013273083044,49.99999919408775,1.094041064447274,0.49999999194087563,3.96733185616564,4.340423966935036,0.0,0.0,,,,0.8,none,,4.8864600841633943e-95,0.1669020652770996,ok
C5,0.5,0.6,2.0,10.0,20,200,5,1.0,base,Base (dense),136.2584138115922,0,1.0,False,False,False,1.1001973125478625e-08,1.6150270043978946e-08,54.71384716820425,9.999999838497276,0.038807974704878664,0.5287913076527153,9.43240087914513,49.99999919248651,1.0942769610369532,0.4999999919248638,3.967369508527198,4.341401049101813,0.0,0.0,,,,0.8,none,,4.9100032980662347e-95,0.18917059898376465,ok
C5,0.5,0.6,2.0,10.0,20,200,5,1.0,base,Base (dense),149.9788418664912,0,1.0,False,False,False,1.1022241283328857e-08,1.6180022545509296e-08,54.72473841418257,9.999999838199754,0.035401279790494275,0.5309442943569935,9.433654587652757,49.999999190998885,1.0944947859926013,0.4999999919099877,3.9674104788640636,4.342310083009127,0.0,0.0,,,,0.8,none,,4.9313911170778895e-95,0.16634416580200195,ok
C5,0.5,0.6,2.0,10.0,20,200,5,1.0,base,Base (dense),165.0808370536035,0,1.0,False,False,False,1.1041032481439928e-08,1.6207606954249596e-08,54.73477966791844,9.999999837923916,0.032282918818986345,0.5329291261171779,9.43478811713992,49.99999918961969,1.094695611100764,0.4999999918961958,3.9674532709907075,4.343153683000898,0.0,0.0,,,,0.8,none,,4.950818548565146e-95,0.17062020301818848,ok
C5,0.5,0.6,2.0,10.0,20,200,5,1.0,base,Base (dense),181.70351513033725,0,1.0,False,False,False,1.1058420951891254e-08,1.6233132238665217e-08,54.74402407733136,9.999999837668655,0.02943015929320793,0.5347563394421646,9.435813663595972,49.999999188343416,1.0948804993199666,0.49999999188343275,3.967496718244762,4.343934787922154,0.0,0.0,,,,0.8,none,,4.96846374309945e-95,0.17862200736999512,ok
C5,0.5,0.6,2.0,10.0,20,200,5,1.0,base,Base (dense),200.00000000000003,0,1.0,False,False,False,1.1074483135940338e-08,1.6256710610169185e-08,54.75252381989181,9.99999983743284,0.02682181370353448,0.5364362740706886,9.436742074792937,49.9999991871645,1.0950504941997545,0.499999991871642,3.9675399285128496,4.344656559475255,0.0,0.0,,,,0.8,none,,4.9844892248090704e-95,0.25422167778015137,ok
C5,0.5,0.6,2.0,10.0,20,200,5,1.0,predictive,NoCancel (refine),4.308869380063769,0,1.0,False,False,True,8.762802829608255e-09,1.2863295561392998e-08,53.334958498000304,9.999999871367026,0.8650903245955256,0.3727561210639086,8.76215368297354,49.99999935683509,1.0666991836812758,0.4999999935683513,4.095102794179038,4.368242807641692,0.0,0.0,3.727561210639086,0.0,3.727561210639083,0.8,self,,0.0,13.432539463043213,ok
C5,0.5,0.6,2.0,10.0,20,200,5,1.0,predictive,NoCancel (refine),4.742747411323313,0,1.0,False,False,True,8.819852546565985e-09,1.2947041297146874e-08,53.37822517641757,9.99999987052955,0.8112563202664675,0.38475838128634604,8.803985427917636,49.99999935264777,1.067564517350157,0.4999999935264775,4.087471098294012,4.363639110232962,0.0,0.0,3.8475838128634603,0.0,3.8475838128634745,0.8,self,,0.0,13.405721187591553,ok
C5,0.5,0.6,2.0,10.0,20,200,5,1.0,predictive,NoCancel (refine),5.220314431365076,0,1.0,False,False,True,8.877810955257076e-09,1.30321209406184e-08,53.42185528746796,9.999999869678751,0.7602102431793314,0.3968536503340612,8.842936236807857,49.9999993483938,1.0684371196733642,0.49999999348393753,4.080503294792756,4.359761187106044,0.0,0.0,3.968536503340612,0.0,3.968536503340609,0.8,self,,0.0,12.256906986236572,ok
C5,0.5,0.6,2.0,10.0,20,200,5,1.0,predictive,NoCancel (refine),5.745969666707332,0,1.0,False,False,True,8.936644859590963e-09,1.3118485761837015e-08,53.46580635172164,9.999999868815086,0.7118489038756656,0.40902622089484253,8.879125006414405,49.99999934407546,1.0693161410622467,0.4999999934407543,4.074170199736643,4.35657595601319,0.0,0.0,4.090262208948426,0.0,4.090262208948425,0.8,self,,0.0,13.8811514377594,ok
C5,0.5,0.6,2.0,10.0,20,200,5,1.0,predictive,NoCancel (refine),6.324555320336763,0,1.0,False,False,True,8.996312706731327e-09,1.320607476360526e-08,53.51002953885857,9.999999867939204,0.6660676370799452,0.4212581617798123,8.91267433320104,49.999999339696046,1.0702006049103252,0.4999999933969602,4.068441460127346,4.354048511670532,0.0,0.0,4.212581617798123,0.0,4.212581617798066,0.8,self,,0.0,14.063494205474854,ok
C5,0.5,0.6,2.0,10.0,20,200,5,1.0,predictive,NoCancel (refine),6.961401176856826,0,1.0,False,False,True,9.056763842790184e-09,1.329481358890011e-08,53.55446894733846,9.999999867051821,0.6227614282760161,0.4335292139701675,8.943709490701995,49.999999335259226,1.071089393186705,0.49999999335259104,4.063285768964577,4.352142288624442,0.0,0.0,4.335292139701675,0.0,4.335292139701656,0.8,self,,0.0,12.763878107070923,ok
C5,0.5,0.6,2.0,10.0,20,200,5,1.0,predictive,NoCancel (refine),7.662373699114579,0,1.0,False,False,True,9.117937846236883e-09,1.3384613542355328e-08,53.59906107260724,9.999999866153821,0.5818259159714272,0.4458167596002708,8.97235745827448,49.999999330768986,1.0719812358002065,0.49999999330769107,4.058671079683186,4.3508192397053405,0.0,0.0,4.458167596002708,0.0,4.4581675960026965,0.8,self,,0.0,13.918503522872925,ok
C5,0.5,0.6,2.0,10.0,20,200,5,1.0,predictive,NoCancel (refine),8.43393006857165,0,1.0,False,False,True,9.179763972792368e-09,1.3475370775397856e-08,53.64373450944411,9.999999865246206,0.543158255510534,0.458095874314322,8.998746004928938,49.999999326231425,1.0728747046462674,0.4999999932623103,4.054564820704077,4.350040034482033,0.0,0.0,4.580958743143221,0.0,4.580958743143193,0.8,self,,0.0,13.772881984710693,ok
C5,0.5,0.6,2.0,10.0,20,200,5,1.0,predictive,NoCancel (refine),9.283177667225562,0,1.0,False,False,True,9.242160746524412e-09,1.3566965685998893e-08,53.688409929267564,9.99999986433031,0.506657836185319,0.47033947098003653,9.023002828504335,49.999999321651586,1.0737682131531305,0.49999999321651545,4.050934111239357,4.349764282226549,0.0,0.0,4.7033947098003654,0.0,4.703394709800373,0.8,self,,0.0,12.862642049789429,ok
C5,0.5,0.6,2.0,10.0,20,200,5,1.0,predictive,NoCancel (refine),10.21793954901386,0,1.0,False,False,True,9.305035731330473e-09,1.3659262583223772e-08,53.73300036530219,9.999999863407346,0.4722268487626178,0.4825185394077719,9.045254748422263,49.99999931703674,1.0746600219851101,0.4999999931703673,4.047745979449089,4.349950783264899,0.0,0.0,4.825185394077719,0.0,4.82518539407772,0.8,self,,0.0,14.092365264892578,ok
C5,0.5,0.6,2.0,10.0,20,200,5,1.0,predictive,NoCancel (refine),11.24682650380699,0,1.0,False,False,True,9.368285514491268e-09,1.3752109663089502e-08,53.77741182662461,9.999999862478859,0.4397707052584527,0.4946024823498642,9.065626949912826,49.999999312394486,1.0755482513235504,0.49999999312394294,4.044967583466547,4.350557811057891,0.0,0.0,4.946024823498642,0.0,4.946024823498642,0.8,self,,0.0,14.256038188934326,ok
C5,0.5,0.6,2.0,10.0,20,200,5,1.0,predictive,NoCancel (refine),12.379316377825221,0,1.0,False,False,True,9.43179592902797e-09,1.3845339334972498e-08,53.82154424567891,9.999999861546595,0.40919831688220903,0.5065595425958449,9.084242278975351,49.99999930773298,1.0764308998171304,0.49999999307732973,4.042566434678298,4.351543424851289,0.0,0.0,5.065595425958449,0.0,5.0655954259584615,0.8,self,,0.0,13.810876607894897,ok
C5,0.5,0.6,2.0,10.0,20,200,5,1.0,predictive,NoCancel (refine),13.625841381159232,0,1.0,False,False,True,9.49544253395496e-09,1.3938768926592268e-08,53.86529274319362,9.999999860612332,0.3804222397105387,0.5183573096161123,9.101220590061017,49.999999303061315,1.0773058698801952,0.4999999930306166,4.040510621074311,4.352865809396628,0.0,0.0,5.183573096161123,0.0,5.1835730961611,0.8,self,,0.0,14.008933782577515,ok
C5,0.5,0.6,2.0,10.0,20,200,5,1.0,predictive,NoCancel (refine),14.997884186649125,0,1.0,False,False,True,9.55909136136721e-09,1.4032201780693152e-08,53.90854917093253,9.999999859677933,0.353358701031708,0.529963287441833,9.116678151848527,49.99999929838973,1.0781709985477674,0.49999999298389664,4.038769026702431,4.354483634423555,0.0,0.0,5.29963287441833,0.0,5.299632874418338,0.8,self,,0.0,13.683909177780151,ok
C5,0.5,0.6,2.0,10.0,20,200,5,1.0,predictive,NoCancel (refine),16.50808370536038,0,1.0,False,False,True,9.622599927390611e-09,1.4125428739061821e-08,53.95120386904188,9.999999858745664,0.3279275225390924,0.5413454991366805,9.130727119578564,49.99999929372835,1.07902409262252,0.4999999929372832,4.037311541611152,4.356356422821401,0.0,0.0,5.413454991366805,0.0,5.413454991366814,0.8,self,,0.0,12.63024115562439,ok
C5,0.5,0.6,2.0,10.0,20,200,5,1.0,predictive,NoCancel (refine),18.170351513033744,0,1.0,False,False,True,9.685818491688719e-09,1.4218229991411474e-08,53.993147554542986,9.999999857817677,0.30405195957772935,0.5524730983754029,9.143475084229191,49.99999928908822,1.0798629664446058,0.49999999289088387,4.036109255526695,4.358444913567586,0.0,0.0,5.524730983754029,0.0,5.524730983754016,0.8,self,,0.0,18.40962028503418,ok
C5,0.5,0.6,2.0,10.0,20,200,5,1.0,predictive,NoCancel (refine),20.000000000000014,0,1.0,False,False,True,9.748591539167874e-09,1.4310377250440569e-08,54.03427324459658,9.999999856896183,0.2816584781750561,0.5633169563501123,9.15502470857865,49.99999928448087,1.080685480356954,0.49999999284480917,4.035134628218897,4.360711404001718,0.0,0.0,5.633169563501123,0.0,5.633169563501127,0.8,self,,0.0,16.696848154067993,ok
C5,0.5,0.6,2.0,10.0,20,200,5,1.0,predictive,NoCancel (refine),22.01388342504421,0,1.0,False,False,True,9.810759449449402e-09,1.4401636202522951e-08,54.074478115428526,9.999999855983594,0.2606764931725938,0.5738501932350804,9.165473457608732,49.999999279918036,1.0814895778837934,0.4999999927991797,4.034361630247056,4.363120056526461,0.0,0.0,5.738501932350804,0.0,5.738501932350814,0.8,self,,0.0,13.989536762237549,ok
C5,0.5,0.6,2.0,10.0,20,200,5,1.0,predictive,NoCancel (refine),24.23055317257178,0,1.0,False,False,True,9.872160315753296e-09,1.449176917772551e-08,54.113665206643304,9.999999855082311,0.24103809095589288,0.5840486279521977,9.174913426009597,49.999999275411284,1.0822733198169268,0.49999999275411555,4.033765849513872,4.365637157317525,0.0,0.0,5.840486279521977,0.0,5.840486279521922,0.8,self,,0.0,15.962040901184082,ok
C5,0.5,0.6,2.0,10.0,20,200,5,1.0,predictive,NoCancel (refine),26.670428643266497,0,1.0,False,False,True,9.932631875276937e-09,1.4580537983494218e-08,54.151744899816975,9.999999854194574,0.2226777587413022,0.5938911274952425,9.183431259568883,49.999999270972964,1.083034913787574,0.49999999270972867,4.03332456153467,4.3682313187790065,0.0,0.0,5.938911274952425,0.0,5.938911274952414,0.8,self,,0.0,12.860839366912842,ok
C5,0.5,0.6,2.0,10.0,20,200,5,1.0,predictive,NoCancel (refine),29.355985352441415,0,1.0,False,False,True,9.992013516989635e-09,1.46677068519822e-08,54.188636126621006,9.999999853322878,0.2055321390910862,0.6033598464613853,9.19110816112465,49.99999926661442,1.0837727384288862,0.4999999926661439,4.033016764118167,4.370873622577951,0.0,0.0,6.033598464613853,0.0,6.033598464613842,0.8,self,,0.0,12.680275917053223,ok
