policy,rho,n_target,gamma,protect_presetup,protect_delayoff,never_cancel_setup,n_reps,warmup_events,measure_events,seed0,delta,sigma,c,K,b,alpha,beta,theory_P_block_arrival_stable,P_block_theory,P_block_sim,P_block_lo,P_block_hi,P_block_in_ci,E_N_theory,E_N_sim,E_N_lo,E_N_hi,E_N_in_ci,E_W_theory,E_W_sim,E_W_lo,E_W_hi,E_W_in_ci,lambda_eff_theory,lambda_eff_sim,lambda_eff_lo,lambda_eff_hi,lambda_eff_in_ci,rho_server_theory,rho_server_sim,rho_server_lo,rho_server_hi,rho_server_in_ci,Cost_theory,Cost_sim,Cost_lo,Cost_hi,Cost_in_ci,P_block_arrival_theory,P_block_arrival_sim,P_block_arrival_lo,P_block_arrival_hi,P_block_arrival_in_ci,setup_cancel_rate_theory,setup_cancel_rate_sim,setup_cancel_rate_lo,setup_cancel_rate_hi,setup_cancel_rate_in_ci,n_in_ci_6,min_pi,elapsed_s,check
both,0.3,10,5.0,True,True,False,20,100000,1000000,42,0.6,0.1,20,200,5,0.1,0.005,0.00011115892871351043,7.032048256668517e-05,8.44902351183949e-05,5.8518412451827166e-05,0.00011046205778496263,True,36.22177100416016,36.16407539264736,35.969887651696325,36.3582631335984,True,1.2075265941679383,1.2049518694726906,1.2021200336581137,1.2077837052872675,True,29.996665232138625,30.012896358851073,29.869487374790758,30.156305342911388,True,0.29996665232138586,0.29972410495406543,0.29819097891413304,0.3012572309939978,True,3.545634155495664,3.5403627353024456,3.528717968314369,3.552007502290522,True,0.00011115892871351043,0.00013170885548139912,9.115602819808267e-05,0.00017226168276471558,True,1.4047323990269298,1.4050752586110307,1.390042888817091,1.4201076284049703,True,6,0.0,321.5208041667938,ok
both,0.46249999999999997,10,5.0,True,True,False,20,100000,1000000,42,0.6,0.1,20,200,5,0.1,0.005,0.0055412997337774125,0.003493849440081739,0.003452997098799717,0.0031753140488730964,0.0037306801487263373,True,59.08175560150553,59.039342049971594,58.756779055829824,59.321905044113365,True,1.284561504680787,1.2826278286985233,1.27695790583629,1.2882977515607565,True,45.993714887312706,46.03349538609954,45.72760627121911,46.33938450097997,True,0.4599371488731288,0.45973614618066516,0.4564179088293771,0.4630543835319532,True,5.051727952423036,5.04823741928747,5.026782614736563,5.069692223838377,True,0.0055412997337774125,0.005507236227151937,0.005051252433076049,0.005963220021227824,True,1.5542224085987446,1.5610957745185463,1.5328753224207419,1.5893162266163507,True,6,0.0,253.05845975875854,ok
both,0.625,10,5.0,True,True,False,20,100000,1000000,42,0.6,0.1,20,200,5,0.1,0.005,0.04937014701232542,0.031072179293468182,0.030818898541579737,0.030127878499107637,0.03150991858405184,True,90.95167871218648,90.65992124250302,89.73983094134698,91.58001154365905,True,1.530802819647882,1.5281474177932926,1.5230272590064522,1.533267576580133,True,59.41436581172965,59.33281275482592,58.63745900698926,60.028166502662586,True,0.5941436581172955,0.5924668360530319,0.5857605735315258,0.5991730985745379,True,5.918611856613682,5.912286157372131,5.87565197156175,5.948920343182513,True,0.04937014701232542,0.049153495933748396,0.04777393206215303,0.05053305980534376,True,0.6174099189262944,0.6282372250141112,0.6143457549379261,0.6421286950902962,True,6,0.0,202.30855536460876,ok
both,0.7874999999999999,10,5.0,True,True,False,20,100000,1000000,42,0.6,0.1,20,200,5,0.1,0.005,0.16081018154685742,0.10116987433880305,0.1001909532491263,0.09899170256229373,0.10139020393595888,True,112.27649941897435,111.931086429516,110.85657014424243,113.00560271478957,True,1.698940209478768,1.693434191947243,1.6889810141406456,1.6978873697538406,False,66.0861982031849,66.09656971692021,65.50824407870145,66.68489535513898,True,0.6608619820318494,0.6601594164460413,0.6541888752364942,0.6661299576555884,True,6.2351572740930035,6.233496177051801,6.201698413733503,6.2652939403701,True,0.16081018154685742,0.15957870368295116,0.1582697268983893,0.160887680467513,True,0.3294205930092165,0.33061927820727277,0.32020252955098727,0.3410360268635583,True,5,0.0,197.4552185535431,ok
both,0.95,10,5.0,True,True,False,20,100000,1000000,42,0.6,0.1,20,200,5,0.1,0.005,0.2577473542782904,0.16219677815948935,0.162105599457545,0.1591561232378965,0.1650550756771935,True,121.47674598854061,121.9554382933372,120.60822326465892,123.30265332201547,True,1.7227322754905763,1.7199892496243367,1.71445385937164,1.7255246398770334,True,70.51400134356228,70.89898890707016,70.31467004514506,71.48330776899526,True,0.7051400134356226,0.7080731844418624,0.7018136834096266,0.7143326854740982,True,6.4259827615358365,6.442274703771491,6.416529665158083,6.468019742384899,True,0.2577473542782904,0.2564731676240067,0.25444408050670975,0.2585022547413036,True,0.246694595939437,0.24069210756451623,0.23436574070604746,0.247018474422985,True,6,0.0,196.06059002876282,ok
nocancel,0.3,0,1.0,False,False,True,20,100000,1000000,42,0.6,0.1,20,200,5,0.1,0.005,7.829123564829633e-08,4.942819996829459e-08,0.0,0.0,0.0,False,32.165348922524586,32.09150187930414,31.9344179131389,32.24858584546938,True,1.0721783813596575,1.0709931897649958,1.0694582669839607,1.0725281125460309,True,29.999997651262902,29.964823479918685,29.807046100223584,30.122600859613787,True,0.2999999765126305,0.29926514341764066,0.2976795471440884,0.3008507396911929,True,4.412819406176262,4.395951129203455,4.383896165715256,4.408006092691655,False,7.829123564829633e-08,0.0,0.0,0.0,False,0.0,0.0,0.0,0.0,True,4,0.0,211.12788558006287,ok
nocancel,0.46249999999999997,0,1.0,False,False,True,20,100000,1000000,42,0.6,0.1,20,200,5,0.1,0.005,2.9271263533332937e-05,1.841883052425988e-05,2.040971220434599e-05,9.454431950352315e-06,3.1364992458339665e-05,True,49.0366164444235,48.93584165631775,48.63819617941959,49.23348713321591,True,1.0602822021656717,1.0588800932484308,1.0571155666101733,1.0606446198866883,True,46.24864620406163,46.21515157199699,45.93396494976313,46.49633819423085,True,0.4624864620406159,0.46168116200602843,0.45866900786784,0.4646933161442169,True,5.7615282985870095,5.758314260272359,5.744810767807328,5.771817752737389,True,2.9271263533332937e-05,3.37178458107868e-05,1.605961622725038e-05,5.137607539432322e-05,True,0.0,0.0,0.0,0.0,True,6,0.0,210.24562311172485,ok
nocancel,0.625,0,1.0,False,False,True,20,100000,1000000,42,0.6,0.1,20,200,5,0.1,0.005,0.014176311403108663,0.008909479504141362,0.008588542398334443,0.008168998246432463,0.009008086550236423,True,79.41611579314439,79.40171909000648,78.62967332772364,80.17376485228932,True,1.2889301275553842,1.2832018141363666,1.2771942758029229,1.2892093524698103,True,61.61398053730569,61.874908838592475,61.45447027882074,62.29534739836421,True,0.616139805373056,0.6180010081259154,0.6136374635430425,0.6223645527087883,True,6.317835299212836,6.325025042472472,6.310534150878601,6.339515934066343,True,0.014176311403108663,0.013577858125556754,0.012930372866886747,0.014225343384226761,True,0.0,0.0,0.0,0.0,True,6,0.0,206.44057416915894,ok
nocancel,0.7874999999999999,0,1.0,False,False,True,20,100000,1000000,42,0.6,0.1,20,200,5,0.1,0.005,0.1219072463346999,0.07662599705512325,0.07584339221169586,0.07409472487877979,0.07759205954461194,True,108.38333594109639,107.83529079906654,106.63819662392237,109.03238497421071,True,1.5673701026068927,1.5635699898246833,1.5571282049756836,1.570011774673683,True,69.14980435114225,68.9594950081035,68.43473898855567,69.48425102765134,True,0.6914980435114227,0.6887375408015137,0.683474678030194,0.6940004035728334,True,6.560847067014432,6.551318668213044,6.533665387002813,6.5689719494232754,True,0.1219072463346999,0.12107669669942003,0.11930285132696827,0.1228505420718718,True,0.0,0.0,0.0,0.0,True,6,0.0,201.47654747962952,ok
nocancel,0.95,0,1.0,False,False,True,20,100000,1000000,42,0.6,0.1,20,200,5,0.1,0.005,0.2275852756888055,0.14310066002258903,0.14111214954612633,0.13829236763776281,0.14393193145448985,True,119.40635674111877,118.42075928278909,117.1107991614964,119.73071940408178,True,1.6272463208782355,1.62194775032505,1.6153046090394039,1.628590891610696,True,73.37939880956337,73.00376127251836,72.45275762811352,73.5547649169232,True,0.7337939880956338,0.7291327353135282,0.723569392388676,0.7346960782383803,True,6.695432540087255,6.679633001006827,6.660389194351494,6.6988768076621605,True,0.2275852756888055,0.22586778157440013,0.2235069219415077,0.22822864120729255,True,0.0,0.0,0.0,0.0,True,6,0.0,201.2008216381073,ok
