part,row,r1,rho_B,rho,alpha,sigma,series,sweep,value,beta,n_target,gamma,protect,P_block,P_block_arrival_stable,E_N,E_B,E_I,E_S,E_off,lambda_eff,E_W,rho_server,Cost,ERP,p1_fire_rate,setup_cancel_rate,base_erp_min,p_ref,base_beta_star,erp_rel,p_ratio,base_E_W,base_Cost,base_P,base_ERP,rel_E_W,rel_Cost,rel_P,rel_ERP,category,min_pi,elapsed_s,check
B,A_rhoB0.6,0.1,0.6,0.37499999999999994,0.1,1.0,P1 only (protect),config,P1 only (protect) n_target=10,0.007498942093324558,10,1.0,True,1.6165969613505342e-06,2.3992707918322057e-06,41.35854449539576,7.4999820054690485,4.812705983550447,0.35458625373073754,7.332725757249768,37.49991002734533,1.1028971660261764,0.3749991002734524,4.038849291511114,4.454435437614438,0.005110755344152534,1.2022922829419487,4.4602404525470485,3.192220028624238e-06,0.007498942093324558,-0.0013015026867655433,0.7515994418674917,1.1043604126674118,4.03875437890247,3.192220028624238e-06,4.4602404525470485,-0.0013249720149793864,2.350046567323183e-05,-0.24840055813250828,-0.0013015026867655433,改善,0.0,1.4670517444610596,ok
B,A_rhoB0.6,0.1,0.6,0.37499999999999994,0.1,1.0,P1 only (protect),config,P1 only (protect) n_target=20,0.007498942093324558,20,1.0,True,4.0468560700248335e-12,6.119674790419015e-12,39.50333076311576,7.499999999954109,11.607427002641854,0.48985231372532934,0.40272068367870695,37.49999999977054,1.053422153689533,0.37499999999770545,5.622520915569165,5.922888092043315,0.27354056336060467,0.35377317975836736,4.4602404525470485,3.192220028624238e-06,0.007498942093324558,0.32793022148862216,1.917059205049983e-06,1.1043604126674118,4.03875437890247,3.192220028624238e-06,4.4602404525470485,-0.04612466944088056,0.3921423260943844,-0.999998082940795,0.32793022148862216,引き換え,0.0,8.154597997665405,ok
B,A_rhoB0.6,0.1,0.6,0.37499999999999994,0.1,1.0,P2 only,config,P2 only γ=3,0.007498942093324558,0,3.0,False,1.2934101011917943e-05,1.904891376058429e-05,43.153151187353956,7.499857133146795,3.891257631697729,0.6752150560620387,7.933670179093437,37.49928566573398,1.1507726192978218,0.3749928566573398,3.951484668318164,4.547260361875678,0.0,1.7680245285635372,4.4602404525470485,3.192220028624238e-06,0.007498942093324558,0.019510138579846403,5.9672934790757095,1.1043604126674118,4.03875437890247,3.192220028624238e-06,4.4602404525470485,0.04202632229301706,-0.021608075757263978,4.9672934790757095,0.019510138579846403,悪化,0.0,1.1146578788757324,ok
B,A_rhoB0.6,0.1,0.6,0.37499999999999994,0.1,1.0,P2 only,config,P2 only γ=10,0.007498942093324558,0,10.0,False,0.00011163392474631225,0.00016295153208086097,47.60286759621888,7.498777863509413,2.6973064032048124,1.4407707440821702,8.363144989203603,37.493889317546916,1.2696166885503932,0.37493889317547063,3.9695714423684505,5.03983414962404,0.0,2.5892694810595436,4.4602404525470485,3.192220028624238e-06,0.007498942093324558,0.1299467379042336,51.04646002458946,1.1043604126674118,4.03875437890247,3.192220028624238e-06,4.4602404525470485,0.14963980416848743,-0.017129770727186466,50.04646002458946,0.1299467379042336,悪化,0.0,0.9878702163696289,ok
B,A_rhoB0.6,0.5623413251903491,0.6,0.37499999999999994,0.1,0.1778279410038923,P1 only (protect),config,P1 only (protect) n_target=10,0.004869675251658631,10,1.0,True,9.159747591900201e-06,1.444730298906787e-05,41.3217924940064,7.499891645227595,6.52008581265058,0.3171790037244226,5.662843538397402,37.499458226137826,1.1019303864290055,0.3749945822613797,4.409915340897198,4.85941971571405,0.00032824660986420284,1.139008187858252,4.860196447576027,1.5577682206939987e-05,0.004869675251658631,-0.00015981491084882116,0.9274359816270662,1.1020905298857568,4.409979321825619,1.5577682206939987e-05,4.860196447576027,-0.00014530880395813295,-1.4508215062214447e-05,-0.0725640183729338,-0.00015981491084882116,改善,0.0,1.266566514968872,ok
B,A_rhoB0.6,0.5623413251903491,0.6,0.37499999999999994,0.1,0.1778279410038923,P1 only (protect),config,P1 only (protect) n_target=20,0.004869675251658631,20,1.0,True,1.3267391796692928e-09,2.0950126204039668e-09,39.51469460541659,7.499999984287401,11.606970366731849,0.3586437088867853,0.5343859400939657,37.49999992143695,1.0537251916853454,0.37499999921437005,5.573086086849934,5.872501205144879,0.05368340969823483,0.059200225713698665,4.860196447576027,1.5577682206939987e-05,0.004869675251658631,0.2082847408511086,0.00013448808318034766,1.1020905298857568,4.409979321825619,1.5577682206939987e-05,4.860196447576027,-0.0438850864687359,0.26374426729575196,-0.9998655119168196,0.2082847408511086,引き換え,0.0,8.131871223449707,ok
B,A_rhoB0.6,0.5623413251903491,0.6,0.37499999999999994,0.1,0.1778279410038923,P2 only,config,P2 only γ=3,0.004869675251658631,0,3.0,False,0.00011408768805817487,0.0001795747245941456,43.58972021454592,7.4986531895655375,5.42560531909038,0.6662286316905914,6.409512859653491,37.49326594782773,1.162601312865128,0.37493265947827686,4.29378371987884,4.991958589890053,0.0,1.629979556058512,4.860196447576027,1.5577682206939987e-05,0.004869675251658631,0.027110456076264278,11.527692130870635,1.1020905298857568,4.409979321825619,1.5577682206939987e-05,4.860196447576027,0.05490545589357687,-0.02634833260367242,10.527692130870635,0.027110456076264278,悪化,0.0,1.07072114944458,ok
B,A_rhoB0.6,0.5623413251903491,0.6,0.37499999999999994,0.1,0.1778279410038923,P2 only,config,P2 only γ=10,0.004869675251658631,0,10.0,False,0.0012829265017708948,0.0020138097176970113,49.980119449749424,7.484896427117278,3.8891379764395646,1.5172436809104355,7.108721915532722,37.42448213558638,1.3354926133292857,0.3742448213558639,4.261967495645308,5.6918261086838235,0.0,2.056712541498178,4.860196447576027,1.5577682206939987e-05,0.004869675251658631,0.17111029771699116,129.27531136819843,1.1020905298857568,4.409979321825619,1.5577682206939987e-05,4.860196447576027,0.2117812258741787,-0.03356292975066333,128.27531136819843,0.17111029771699116,悪化,0.0,1.034400463104248,ok
B,A_rhoB0.6,3.1622776601683795,0.6,0.37499999999999994,0.1,0.03162277660168379,P1 only (protect),config,P1 only (protect) n_target=10,0.005623413251903491,10,1.0,True,9.34644108396695e-05,0.00014909514003167044,41.792310499680084,7.498881786449758,6.464910191010683,0.3630365452539763,5.673171477285583,37.49440893224873,1.1146277989125668,0.3749440893224879,4.414330214523687,4.9203351706877765,0.0013077949567739233,1.101282697591085,4.924979440908965,0.00017086249549378734,0.005623413251903491,-0.0009430029661872119,0.8726030812132884,1.1155857234498068,4.414702821473094,0.00017086249549378734,4.924979440908965,-0.0008586740732731135,-8.440136617904326e-05,-0.12739691878671155,-0.0009430029661872119,改善,0.0,1.4776837825775146,ok
B,A_rhoB0.6,3.1622776601683795,0.6,0.37499999999999994,0.1,0.03162277660168379,P1 only (protect),config,P1 only (protect) n_target=20,0.005623413251903491,20,1.0,True,5.1430745940619e-06,8.204075182494936e-06,39.615045208082556,7.499938469436135,10.545256124001353,0.38179413675198615,1.5730112698105252,37.49969234718069,1.056409872414884,0.37499692347180674,5.342257063775826,5.643613103150934,0.013050689866569216,0.011809582289878376,4.924979440908965,0.00017086249549378734,0.005623413251903491,0.14591607353173774,0.0480156581980464,1.1155857234498068,4.414702821473094,0.00017086249549378734,4.924979440908965,-0.05304464712216728,0.21010570355746538,-0.9519843418019536,0.14591607353173774,引き換え,0.0,7.890655279159546,ok
B,A_rhoB0.6,3.1622776601683795,0.6,0.37499999999999994,0.1,0.03162277660168379,P2 only,config,P2 only γ=3,0.005623413251903491,0,3.0,False,0.0010005802110722801,0.0015954313717098823,44.755404953636955,7.488034264712152,5.077472727818002,0.6998577111529465,6.734635296316901,37.44017132356087,1.1953846195536144,0.37440171323560756,4.223900542808767,5.049185743397763,0.0,1.2116524783401617,4.924979440908965,0.00017086249549378734,0.005623413251903491,0.02521965908265278,9.337516504714126,1.1155857234498068,4.414702821473094,0.00017086249549378734,4.924979440908965,0.07153094058701259,-0.04321973332752216,8.337516504714126,0.02521965908265278,悪化,0.0,1.1922714710235596,ok
B,A_rhoB0.6,3.1622776601683795,0.6,0.37499999999999994,0.1,0.03162277660168379,P2 only,config,P2 only γ=10,0.005623413251903491,0,10.0,False,0.004006693022539782,0.0063863086546335854,50.04646254899258,7.452102685090258,3.4119637897251027,1.2632309047682126,7.872702620416426,37.26051342545117,1.3431501057848503,0.3726051342545129,4.046489210511494,5.435042411155768,0.0,1.2313985188428702,4.924979440908965,0.00017086249549378734,0.005623413251903491,0.10356651766096814,37.37688973918677,1.1155857234498068,4.414702821473094,0.00017086249549378734,4.924979440908965,0.20398645980456753,-0.08340620554810874,36.37688973918677,0.10356651766096814,悪化,0.0,1.1773271560668945,ok
B,A_rhoB0.6,17.78279410038923,0.6,0.37499999999999994,0.1,0.005623413251903491,P1 only (protect),config,P1 only (protect) n_target=10,0.01778279410038923,10,1.0,True,0.0008786855386278248,0.0014049927923100026,43.47375624120257,7.4894625540576785,3.1732673867657337,0.5638308894768856,8.773439169699703,37.447312770288505,1.1609312664938558,0.37447312770288393,3.7437283121458336,4.346211250828368,0.0022930929201878275,1.2912079337723454,4.3575354331592395,0.00158698372661117,0.01778279410038923,-0.002598758519482991,0.8853227470140547,1.1639352473529248,3.7437954070635353,0.00158698372661117,4.3575354331592395,-0.0025808831426840095,-1.79216304329044e-05,-0.11467725298594533,-0.002598758519482991,改善,0.0,1.392763376235962,ok
B,A_rhoB0.6,17.78279410038923,0.6,0.37499999999999994,0.1,0.005623413251903491,P1 only (protect),config,P1 only (protect) n_target=20,0.01778279410038923,20,1.0,True,0.0003796235167662118,0.0006070210402949103,41.131921303285736,7.4954473421978,6.005461911338804,0.4096258664491176,6.08946488001428,37.47723671098898,1.097517450939096,0.37477236710989004,4.326909566642167,4.748858758025099,0.0027617103381326674,0.1633475044946595,4.3575354331592395,0.00158698372661117,0.01778279410038923,0.08980381935348891,0.38249985183599666,1.1639352473529248,3.7437954070635353,0.00158698372661117,4.3575354331592395,-0.05706313694415499,0.15575481461365426,-0.6175001481640033,0.08980381935348891,引き換え,0.0,8.218222856521606,ok
B,A_rhoB0.6,17.78279410038923,0.6,0.37499999999999994,0.1,0.005623413251903491,P2 only,config,P2 only γ=3,0.01778279410038923,0,3.0,False,0.0015744310624353482,0.002517346549443227,44.97475430320503,7.481119900879186,2.384079728532193,0.777550381429879,9.357249989158742,37.40559950439591,1.202353521908387,0.3740559950439593,3.6429146305426823,4.380071236044584,0.0,1.4734615715955155,4.3575354331592395,0.00158698372661117,0.01778279410038923,0.005171685516049962,1.586245975451018,1.1639352473529248,3.7437954070635353,0.00158698372661117,4.3575354331592395,0.033007226684504065,-0.02694612433428334,0.5862459754510181,0.005171685516049962,悪化,0.0,1.0007297992706299,ok
B,A_rhoB0.6,17.78279410038923,0.6,0.37499999999999994,0.1,0.005623413251903491,P2 only,config,P2 only γ=10,0.01778279410038923,0,10.0,False,0.0021170021100001845,0.0033847025979238015,46.968922831813664,7.474614730515573,1.8880239708305881,1.132138908946452,9.505222389707388,37.37307365257783,1.2567583621416687,0.37373073652577865,3.661882784896663,4.602101811101503,0.0,1.733407100193121,4.3575354331592395,0.00158698372661117,0.01778279410038923,0.05612493155677023,2.1327897326026544,1.1639352473529248,3.7437954070635353,0.00158698372661117,4.3575354331592395,0.07974938038851098,-0.02187956692620674,1.1327897326026544,0.05612493155677023,悪化,0.0,1.0568888187408447,ok
B,A_rhoB0.6,100.0,0.6,0.37499999999999994,0.1,0.001,P1 only (protect),config,P1 only (protect) n_target=10,0.01333521432163324,10,1.0,True,0.00020863545052052107,0.0003337786881294326,41.70957640361255,7.497496659839029,2.74084168090873,0.3654545979899133,9.396207061262327,37.48748329919503,1.1126267418572797,0.37487483299195146,3.5746134070313644,3.977210468464657,0.0004736230748603652,1.1956017112395838,3.9795400152416427,0.0003765171030894753,0.01333521432163324,-0.0005853809153980594,0.886490109986089,1.1132792912547358,3.5746106538606774,0.0003765171030894753,3.9795400152416427,-0.0005861506654997184,7.702015558663788e-07,-0.11350989001391099,-0.0005853809153980594,改善,0.0,1.318387746810913,ok
B,A_rhoB0.6,100.0,0.6,0.37499999999999994,0.1,0.001,P1 only (protect),config,P1 only (protect) n_target=20,0.01333521432163324,20,1.0,True,9.677110758003364e-05,0.0001548167819349259,40.33228197819275,7.498838874135486,5.251092704483719,0.17556638389949716,7.074502037481297,37.49419437067742,1.0756940549104017,0.3749419437067743,4.070006389935066,4.3780816771004964,0.0004976442895869953,0.2213534656833983,3.9795400152416427,0.0003765171030894753,0.01333521432163324,0.10014767041729411,0.41118127347892436,1.1132792912547358,3.5746106538606774,0.0003765171030894753,3.9795400152416427,-0.03376083309873945,0.13858732713711008,-0.5888187265210756,0.10014767041729411,引き換え,0.0,7.98443341255188,ok
B,A_rhoB0.6,100.0,0.6,0.37499999999999994,0.1,0.001,P2 only,config,P2 only γ=3,0.01333521432163324,0,3.0,False,0.0003112331588516364,0.0004979124512381149,42.507282846967506,7.4962656566157,2.3317794769910685,0.5135766294551639,9.658378236938068,37.48132828307852,1.1340922212236013,0.37481328283078497,3.537561971372384,4.011921513829849,0.0,1.3760764797611165,3.9795400152416427,0.0003765171030894753,0.01333521432163324,0.008136995347247433,1.322416557315834,1.1132792912547358,3.5746106538606774,0.0003765171030894753,3.9795400152416427,0.018695155952652254,-0.010364396594711556,0.32241655731583396,0.008136995347247433,悪化,0.0,1.0657076835632324,ok
B,A_rhoB0.6,100.0,0.6,0.37499999999999994,0.1,0.001,P2 only,config,P2 only γ=10,0.01333521432163324,0,10.0,False,0.00039084081820221507,0.0006252644316878334,43.97439761465493,7.495310516762343,2.016169323271213,0.8015026208175804,9.687017539148865,37.47655258381174,1.1733842785115187,0.3747655258381172,3.574259408765406,4.193979797567203,0.0,1.624485102209388,3.9795400152416427,0.0003765171030894753,0.01333521432163324,0.05388557006695649,1.6606534644967932,1.1132792912547358,3.5746106538606774,0.0003765171030894753,3.9795400152416427,0.05398913617538037,-9.826107771826464e-05,0.6606534644967932,0.05388557006695649,悪化,0.0,0.9978418350219727,ok
B,A_rhoB0.8,0.1,0.8,0.5,0.1,1.0,P1 only (protect),config,P1 only (protect) n_target=10,0.005623413251903491,10,1.0,True,4.4395657175187496e-05,6.676382598378319e-05,54.36749849389548,9.999332361740171,5.929381942225208,0.33343061418228065,3.7378550818523406,49.99666180870082,1.0874225703691685,0.49996661808700854,5.222509637270024,5.679074853537923,2.254773387938195e-06,1.2161885861110797,5.679079155280516,6.678000956844876e-05,0.005623413251903491,-7.574718499103739e-07,0.9997576582457811,1.087423261425517,5.222510274275114,6.678000956844876e-05,5.679079155280516,-6.354989571244474e-07,-1.219729702794936e-07,-0.00024234175421888882,-7.574718499103739e-07,改善,0.0,1.4410552978515625,ok
B,A_rhoB0.8,0.1,0.8,0.5,0.1,1.0,P1 only (protect),config,P1 only (protect) n_target=20,0.005623413251903491,20,1.0,True,2.8707800850670223e-07,4.3659855230133723e-07,52.185947097573106,9.99999563401448,9.397053780443636,0.31913746902565454,0.2838131165162281,49.99997817007238,1.0437193976378403,0.499999781700724,5.999650232303749,6.261951326497797,0.2151668204036648,0.2536788364098357,5.679079155280516,6.678000956844876e-05,0.005623413251903491,0.10263497924224474,0.006537862979097489,1.087423261425517,5.222510274275114,6.678000956844876e-05,5.679079155280516,-0.04019029695059573,0.14880582654985797,-0.9934621370209025,0.10263497924224474,引き換え,0.0,8.204113960266113,ok
B,A_rhoB0.8,0.1,0.8,0.5,0.1,1.0,P2 only,config,P2 only γ=3,0.005623413251903491,0,3.0,False,0.00017482079391310354,0.0002616871185114,56.508713724329084,9.997383128814878,4.846727088458432,0.6380965856868759,4.517793197039814,49.98691564407448,1.1304701039506466,0.4998691564407439,5.0920911334895305,5.756456793002076,0.0,1.7929444277455295,5.679079155280516,6.678000956844876e-05,0.005623413251903491,0.013625032440270246,3.918644519557513,1.087423261425517,5.222510274275114,6.678000956844876e-05,5.679079155280516,0.039586096832891826,-0.024972500567016387,2.918644519557513,0.013625032440270246,悪化,0.0,0.9938037395477295,ok
B,A_rhoB0.8,0.1,0.8,0.5,0.1,1.0,P2 only,config,P2 only γ=10,0.005623413251903491,0,10.0,False,0.0009466777605971395,0.00140622258187091,62.07869176792569,9.985937774181297,3.3846569390359496,1.3857074221015957,5.243697864681158,49.92968887090656,1.2433222231452399,0.49929688870906486,5.0390491504616834,6.265161792290153,0.0,2.6015372488784463,5.679079155280516,6.678000956844876e-05,0.005623413251903491,0.10320029374210882,21.057537891328806,1.087423261425517,5.222510274275114,6.678000956844876e-05,5.679079155280516,0.1433654835701721,-0.035128915823702256,20.057537891328806,0.10320029374210882,悪化,0.0,1.027611494064331,ok
B,A_rhoB0.8,0.5623413251903491,0.8,0.5,0.1,0.1778279410038923,P1 only (protect),config,P1 only (protect) n_target=10,0.0023713737056616554,10,1.0,True,9.86224224068039e-05,0.0001561051393682357,54.27462993144895,9.998438948606308,8.114312949032877,0.19242067114734637,1.6948274312134686,49.99219474303166,1.0856620760586673,0.4999219474303154,5.6620510293814075,6.147074075308333,2.220758649217613e-08,0.7334209863129699,6.147074108593652,0.00015610572998388977,0.0023713737056616554,-5.414823145422076e-09,0.9999962165664634,1.085662082418961,5.662051026869587,0.00015610572998388977,6.147074108593652,-5.858446838757914e-09,4.4362380435813975e-10,-3.783433536574954e-06,-5.414823145422076e-09,改善,0.0,1.3722920417785645,ok
B,A_rhoB0.8,0.5623413251903491,0.8,0.5,0.1,0.1778279410038923,P1 only (protect),config,P1 only (protect) n_target=20,0.0023713737056616554,20,1.0,True,6.480720349384818e-06,1.0269717678617297e-05,52.66458226018486,9.99989730282322,9.58686655717224,0.16468735163008041,0.24854878837446037,49.99948651411606,1.0533024623226157,0.499994865141161,5.984362591280723,6.303343852827335,0.032869785554328394,0.028489029844159654,6.147074108593652,0.00015610572998388977,0.0023713737056616554,0.025421809054687827,0.06578693607004138,1.085662082418961,5.662051026869587,0.00015610572998388977,6.147074108593652,-0.029806346394860572,0.05692487808421154,-0.9342130639299586,0.025421809054687827,引き換え,0.0,8.151535034179688,ok
B,A_rhoB0.8,0.5623413251903491,0.8,0.5,0.1,0.1778279410038923,P2 only,config,P2 only γ=3,0.0023713737056616554,0,3.0,False,0.000502083256398905,0.0007938745581988354,56.6095473566963,9.992061254418022,7.026623646416159,0.42828148257305304,2.5530336165927654,49.96030627209002,1.133090478837213,0.4996030627209011,5.502962437401633,6.235354343218613,0.0,1.1680551143727413,6.147074108593652,0.00015610572998388977,0.0023713737056616554,0.014361342171154812,5.085492750847544,1.085662082418961,5.662051026869587,0.00015610572998388977,6.147074108593652,0.04368614984929464,-0.028097342943924408,4.085492750847544,0.014361342171154812,悪化,0.0,1.115004301071167,ok
B,A_rhoB0.8,0.5623413251903491,0.8,0.5,0.1,0.1778279410038923,P2 only,config,P2 only γ=10,0.0023713737056616554,0,10.0,False,0.003490313012455825,0.005507513006545728,63.28089631340031,9.944924869934539,5.323290287001444,1.0558678399465504,3.6759170031174664,49.72462434967276,1.2726269356686808,0.49724624349672697,5.336948452325173,6.7919443547042935,0.0,1.6099908478973732,6.147074108593652,0.00015610572998388977,0.0023713737056616554,0.10490686051907328,35.28065886571945,1.085662082418961,5.662051026869587,0.00015610572998388977,6.147074108593652,0.17221275042888484,-0.05741781079005137,34.28065886571945,0.10490686051907328,悪化,0.0,0.9907097816467285,ok
B,A_rhoB0.8,3.1622776601683795,0.8,0.5,0.1,0.03162277660168379,P1 only (protect),config,P1 only (protect) n_target=10,0.0017782794100389228,10,1.0,True,0.00016841161182869772,0.0002689239532397194,54.429784671348905,9.997310760467602,8.504184103351568,0.15122795028503888,1.3472771858957913,49.986553802338065,1.0888885216328519,0.49986553802338013,5.734089467975651,6.243784203694513,1.4449228887903228e-06,0.5284308169184708,6.243786123643607,0.00026898038167131314,0.0017782794100389228,-3.0749757551351564e-07,0.9997902135789861,1.088888923352692,5.734089115737327,0.00026898038167131314,6.243786123643607,-3.68926372007472e-07,6.142881914250609e-08,-0.00020978642101388,-3.0749757551351564e-07,改善,0.0,1.393491506576538,ok
B,A_rhoB0.8,3.1622776601683795,0.8,0.5,0.1,0.03162277660168379,P1 only (protect),config,P1 only (protect) n_target=20,0.0017782794100389228,20,1.0,True,2.9151885873404363e-05,4.6554747308825494e-05,53.06332987783037,9.99953445252691,9.335715272471605,0.12944708136048572,0.5353031936409991,49.99767226263452,1.0613160068551222,0.4999767226263455,5.914319813997308,6.276962288255752,0.008782115489875477,0.004190616998942692,6.243786123643607,0.00026898038167131314,0.0017782794100389228,0.005313469096341228,0.17307859784998803,1.088888923352692,5.734089115737327,0.00026898038167131314,6.243786123643607,-0.02532206536978321,0.03143144353395799,-0.826921402150012,0.005313469096341228,引き換え,0.0,7.993876695632935,ok
B,A_rhoB0.8,3.1622776601683795,0.8,0.5,0.1,0.03162277660168379,P2 only,config,P2 only γ=3,0.0017782794100389228,0,3.0,False,0.0011756815613976413,0.0018767085935781289,56.848937148660504,9.98123291406421,7.32295644786848,0.34200226815465357,2.3538083699126577,49.90616457032115,1.1391165327593251,0.4990616457032105,5.533301062972402,6.3030747215666105,0.0,0.7452907435909613,6.243786123643607,0.00026898038167131314,0.0017782794100389228,0.00949561640147989,6.9771207175674865,1.088888923352692,5.734089115737327,0.00026898038167131314,6.243786123643607,0.04612739493389495,-0.035016556023494294,5.9771207175674865,0.00949561640147989,悪化,0.0,1.1232433319091797,ok
B,A_rhoB0.8,3.1622776601683795,0.8,0.5,0.1,0.03162277660168379,P2 only,config,P2 only γ=10,0.0017782794100389228,0,10.0,False,0.006882776735421223,0.010981286919425015,62.567850425595296,9.89018713080574,5.327354216163699,0.7734555147815163,4.009003138249045,49.450935654028754,1.2652510937980181,0.49450935654028705,5.211103544803834,6.59335445995778,0.0,0.8166702401379389,6.243786123643607,0.00026898038167131314,0.0017782794100389228,0.055986596816705037,40.825605388737436,1.088888923352692,5.734089115737327,0.00026898038167131314,6.243786123643607,0.16196525344596813,-0.09120639047937862,39.825605388737436,0.055986596816705037,悪化,0.0,1.112694501876831,ok
B,A_rhoB0.8,17.78279410038923,0.8,0.5,0.1,0.005623413251903491,P1 only (protect),config,P1 only (protect) n_target=10,0.01778279410038923,10,1.0,True,0.004571986447672332,0.007311149299513549,59.3330142608429,9.926888507004849,3.214629250395252,0.5714254806798122,6.287056761920088,49.634442535024306,1.1954000333332009,0.4963444253502424,4.672337876427843,5.585312853225821,0.0020393810625951156,1.0211846015888464,5.588556152989612,0.007502696661682687,0.01778279410038923,-0.0005803466360547738,0.9744695313156673,1.196311180941369,4.671490363060902,0.007502696661682687,5.588556152989612,-0.0007616309390764409,0.00018142247999541894,-0.02553046868433273,-0.0005803466360547738,改善,0.0,1.4041862487792969,ok
B,A_rhoB0.8,17.78279410038923,0.8,0.5,0.1,0.005623413251903491,P1 only (protect),config,P1 only (protect) n_target=20,0.01778279410038923,20,1.0,True,0.0033066038822292176,0.005287753752829415,56.55661571709621,9.947122462471702,4.035481968544715,0.4000140840696389,5.617381484913944,49.73561231235852,1.1371452584498045,0.4973561231235851,4.800672705088679,5.459062203960988,0.0027546259208862905,0.23046341149084712,5.588556152989612,0.007502696661682687,0.01778279410038923,-0.023171270983713854,0.704780426461156,1.196311180941369,4.671490363060902,0.007502696661682687,5.588556152989612,-0.049456966911407774,0.02765334657420393,-0.295219573538844,-0.023171270983713854,改善,0.0,8.103828430175781,ok
B,A_rhoB0.8,17.78279410038923,0.8,0.5,0.1,0.005623413251903491,P2 only,config,P2 only γ=3,0.01778279410038923,0,3.0,False,0.006261491763880871,0.010012348010757465,60.9350593907742,9.899876519892414,2.253773219185284,0.8096327586093367,7.036717502312966,49.49938259946207,1.2310266550968334,0.4949938259946207,4.534985491500658,5.582688020514723,0.0,1.3007669814165967,5.588556152989612,0.007502696661682687,0.01778279410038923,-0.0010500265747082071,1.3344999087983813,1.196311180941369,4.671490363060902,0.007502696661682687,5.588556152989612,0.029018765943612745,-0.029220839807277632,0.3344999087983813,-0.0010500265747082071,引き換え,0.0,1.1373367309570312,ok
B,A_rhoB0.8,17.78279410038923,0.8,0.5,0.1,0.005623413251903491,P2 only,config,P2 only γ=10,0.01778279410038923,0,10.0,False,0.007383659001383875,0.011806163207523264,63.112142302257766,9.881938367924775,1.6664080418138714,1.2060302226599544,7.245623367601399,49.40969183962387,1.2773231314032458,0.49409691839623876,4.544776088024754,5.805147624282373,0.0,1.6721172682141296,5.588556152989612,0.007502696661682687,0.01778279410038923,0.0387562485485442,1.5735893026062187,1.196311180941369,4.671490363060902,0.007502696661682687,5.588556152989612,0.0677181253109489,-0.027125021179134068,0.5735893026062187,0.0387562485485442,悪化,0.0,1.051407814025879,ok
B,A_rhoB0.8,100.0,0.8,0.5,0.1,0.001,P1 only (protect),config,P1 only (protect) n_target=10,0.01,10,1.0,True,0.0010575015853037,0.0016918416088675234,55.688315711681085,9.983081583911313,2.919853811196614,0.29196253749609175,6.805102067395982,49.91540791955665,1.1156538237938076,0.49915407919556565,4.521895070326977,5.0448695260046605,0.00044599630299571277,0.835521012614059,5.045564001650964,0.0017348204541549205,0.01,-0.00013764083580680708,0.9752257674940008,1.1158542848110329,4.521705092081461,0.0017348204541549205,5.045564001650964,-0.00017964802389880408,4.2014735956108495e-05,-0.024774232505999194,-0.00013764083580680708,改善,0.0,1.4221580028533936,ok
B,A_rhoB0.8,100.0,0.8,0.5,0.1,0.001,P1 only (protect),config,P1 only (protect) n_target=20,0.01,20,1.0,True,0.0007495582706051786,0.0011991814305623103,54.04213410098115,9.988008185694389,3.5127137198443,0.15582291337046247,6.3434551810908495,49.94004092847189,1.0821403646501733,0.4994004092847194,4.606303679258638,4.984667143162378,0.0004966283485891907,0.249654344253556,5.045564001650964,0.0017348204541549205,0.01,-0.01206938579486072,0.6912423863174159,1.1158542848110329,4.521705092081461,0.0017348204541549205,5.045564001650964,-0.030213550837033365,0.018709443772732648,-0.30875761368258414,-0.01206938579486072,改善,0.0,7.8573431968688965,ok
B,A_rhoB0.8,100.0,0.8,0.5,0.1,0.001,P2 only,config,P2 only γ=3,0.01,0,3.0,False,0.0012671269872458009,0.0020271956619408366,56.43473277384659,9.979728043380568,2.3774966078213873,0.43241247462735444,7.210362874170691,49.89864021690296,1.1309873882040087,0.4989864021690284,4.45109129672583,5.03412812034154,0.0,1.064788318362764,5.045564001650964,0.0017348204541549205,0.01,-0.0022665219003628057,1.1685334105242264,1.1158542848110329,4.521705092081461,0.0017348204541549205,5.045564001650964,0.013561899254201037,-0.01561662999192337,0.16853341052422643,-0.0022665219003628057,引き換え,0.0,1.0494356155395508,ok
B,A_rhoB0.8,100.0,0.8,0.5,0.1,0.001,P2 only,config,P2 only γ=10,0.01,0,10.0,False,0.001420304739785657,0.0022722382997222325,57.878755862835085,9.977277617002775,1.979880587572793,0.7167943835964037,7.326047411828029,49.88638808501393,1.1602113940219716,0.4988638808501388,4.46739449277465,5.1831219921081555,0.0,1.391814443027107,5.045564001650964,0.0017348204541549205,0.01,0.02726315440893834,1.3097829774142842,1.1158542848110329,4.521705092081461,0.0017348204541549205,5.045564001650964,0.03975170397669836,-0.012011088339644593,0.3097829774142842,0.02726315440893834,悪化,0.0,1.0916047096252441,ok
B,A_rhoB1.12,0.1,1.12,0.7000000000000001,0.1,1.0,P1 only (protect),config,P1 only (protect) n_target=10,0.0001,10,1.0,True,0.0017943714054085857,0.0027336986490156816,78.17238779930484,13.961728218913786,6.012614008860556,0.006012614008860564,0.019645158216797576,69.80864109456897,1.1198096191760216,0.6980864109456892,6.607964767393092,7.399662509703027,3.234282703360813e-29,0.016035204516390254,7.399662509703011,0.0027336986490156816,0.0001,2.220446049250313e-15,1.0,1.1198096191760225,6.607964767393073,0.0027336986490156816,7.399662509703011,-7.771561172376096e-16,2.886579864025407e-15,0.0,2.220446049250313e-15,引き換え,0.0,1.3974554538726807,ok
B,A_rhoB1.12,0.1,1.12,0.7000000000000001,0.1,1.0,P1 only (protect),config,P1 only (protect) n_target=20,0.0001,20,1.0,True,0.0017691655967062019,0.002695476673934301,78.1194828455693,13.962263326564917,6.030164277891269,0.0041795982189171445,0.0033927973248966126,69.81131663282468,1.1190088743984263,0.6981131663282458,6.611435909981161,7.398255455785354,0.0033794768731401823,0.003283930451516035,7.399662509703011,0.0027336986490156816,0.0001,-0.00019015109348718973,0.9860182192740437,1.1198096191760225,6.607964767393073,0.0027336986490156816,7.399662509703011,-0.0007150722443207691,0.0005252967759781235,-0.01398178072595635,-0.00019015109348718973,改善,0.0,7.808943510055542,ok
B,A_rhoB1.12,0.1,1.12,0.7000000000000001,0.1,1.0,P2 only,config,P2 only γ=3,0.0001,0,3.0,False,0.0018418990802649999,0.002805761795799463,78.27145071288567,13.960719334858815,5.978238633465063,0.014275396467050078,0.04676663520907187,69.80359667429403,1.1213097095569866,0.6980359667429408,6.602937415930016,7.403937836079446,0.0,0.03781052610225296,7.399662509703011,0.0027336986490156816,0.0001,0.0005777731580094425,1.026361042688348,1.1198096191760225,6.607964767393073,0.0027336986490156816,7.399662509703011,0.0013395941196396866,-0.0007608017960181179,0.026361042688348046,0.0005777731580094425,悪化,0.0,1.2692084312438965,ok
B,A_rhoB1.12,0.1,1.12,0.7000000000000001,0.1,1.0,P2 only,config,P2 only γ=10,0.0001,0,10.0,False,0.002007273767015857,0.0030564343099801173,78.60951758115344,13.957209919660276,5.863701464389045,0.04258082972636688,0.13650778622431226,69.78604959830139,1.1264359858974855,0.6978604959830138,6.586422011902985,7.419182772514839,0.0,0.11019828969926976,7.399662509703011,0.0027336986490156816,0.0001,0.002637993663390903,1.118058243574376,1.1198096191760225,6.607964767393073,0.0027336986490156816,7.399662509703011,0.00591740471593627,-0.0032601196054177217,0.118058243574376,0.002637993663390903,悪化,0.0,1.0754308700561523,ok
B,A_rhoB1.12,0.5623413251903491,1.12,0.7000000000000001,0.1,0.1778279410038923,P1 only (protect),config,P1 only (protect) n_target=10,1.778279410038923e-05,10,1.0,True,0.02043550346726528,0.032388319840315864,90.67262362458477,13.546563522235571,6.449769442541625,0.0011469492199169989,0.0025200860028862238,67.73281761117785,1.3386808171054323,0.6773281761117785,6.5486587720619145,8.766563875928501,1.2448890507922174e-33,0.00137745673813107,8.766563875928478,0.03238831984031587,1.778279410038923e-05,2.6645352591003757e-15,0.9999999999999998,1.3386808171054323,6.548658772061898,0.03238831984031587,8.766563875928478,0.0,2.6645352591003757e-15,-2.220446049250313e-16,2.6645352591003757e-15,引き換え,0.0,1.2849557399749756,ok
B,A_rhoB1.12,0.5623413251903491,1.12,0.7000000000000001,0.1,0.1778279410038923,P1 only (protect),config,P1 only (protect) n_target=20,1.778279410038923e-05,20,1.0,True,0.02042345834259624,0.032369254388384096,90.66660239814394,13.54683043856262,6.450775265101484,0.0010135171863157103,0.0013807791495796806,67.73415219281313,1.3385655457833285,0.677341521928131,6.548935860986199,8.766179905061003,0.0002450310062763124,0.0001789303743971396,8.766563875928478,0.03238831984031587,1.778279410038923e-05,-4.379947182375776e-05,0.9994113479172191,1.3386808171054323,6.548658772061898,0.03238831984031587,8.766563875928478,-8.610814514620202e-05,4.231231675766445e-05,-0.0005886520827809161,-4.379947182375776e-05,改善,0.0,8.13296627998352,ok
B,A_rhoB1.12,0.5623413251903491,1.12,0.7000000000000001,0.1,0.1778279410038923,P2 only,config,P2 only γ=3,1.778279410038923e-05,0,3.0,False,0.020484939399526357,0.032466568411609324,90.6973090715095,13.545468042237468,6.444241479290981,0.003171224509690796,0.007119253961859862,67.72734021118734,1.3391535647007133,0.6772734021118734,6.54776093834189,8.768457401388629,0.0,0.0038012541772679915,8.766563875928478,0.03238831984031587,1.778279410038923e-05,0.0002159940299242269,1.0024159503079888,1.3386808171054323,6.548658772061898,0.03238831984031587,8.766563875928478,0.00035314437111555463,-0.00013710192441818148,0.002415950307988801,0.0002159940299242269,悪化,0.0,1.037844181060791,ok
B,A_rhoB1.12,0.5623413251903491,1.12,0.7000000000000001,0.1,0.1778279410038923,P2 only,config,P2 only γ=10,1.778279410038923e-05,0,10.0,False,0.02065756549199679,0.03273980129213058,90.7831913812332,13.541642781910163,6.425025484177664,0.01023247544047541,0.02309925847169758,67.7082139095508,1.3408002683767068,0.6770821390955082,6.544642708183363,8.77505869956191,0.0,0.012183702589515686,8.766563875928478,0.03238831984031587,1.778279410038923e-05,0.0009690026507145344,1.0108521051276391,1.3386808171054323,6.548658772061898,0.03238831984031587,8.766563875928478,0.0015832386960301648,-0.0006132651002779266,0.010852105127639122,0.0009690026507145344,悪化,0.0,1.0486228466033936,ok
B,A_rhoB1.12,3.1622776601683795,1.12,0.7000000000000001,0.1,0.03162277660168379,P1 only (protect),config,P1 only (protect) n_target=10,0.03162277660168379,10,1.0,True,0.07945521895092747,0.1268402362014769,106.43080800508643,12.22423669317933,3.1189865693265304,0.9855399227357555,3.671236814758384,61.12118346589671,1.741308037081297,0.6112118346589666,5.670217754252987,9.87359574748179,0.004452709478289856,0.3162774483633991,9.874902758784518,0.12699904031643644,0.03162277660168379,-0.00013235687830603915,0.9987495644489609,1.7417836138105987,5.6694199442952815,0.12699904031643644,9.874902758784518,-0.00027304007543238473,0.00014072161976796949,-0.0012504355510390974,-0.00013235687830603915,改善,0.0,1.2340312004089355,ok
B,A_rhoB1.12,3.1622776601683795,1.12,0.7000000000000001,0.1,0.03162277660168379,P1 only (protect),config,P1 only (protect) n_target=20,0.03162277660168379,20,1.0,True,0.07596486304117897,0.12127666454142827,105.93255575980837,12.30212669642002,3.1587437181225315,0.9821904503766989,3.55693913508075,61.51063348210003,1.7221828123528493,0.615106334821001,5.707212238736456,9.828862824001751,0.014465573732523478,0.19584760387565256,9.874902758784518,0.12699904031643644,0.03162277660168379,-0.004662317787566206,0.9549415825446393,1.7417836138105987,5.6694199442952815,0.12699904031643644,9.874902758784518,-0.011253293062544967,0.006665989609607514,-0.045058417455360655,-0.004662317787566206,改善,0.0,8.080583333969116,ok
B,A_rhoB1.12,3.1622776601683795,1.12,0.7000000000000001,0.1,0.03162277660168379,P2 only,config,P2 only γ=3,0.03162277660168379,0,3.0,False,0.0935715710047551,0.1493192544939687,109.21813083649347,11.909530437084472,1.6737467778844117,1.5734861360134238,4.843236649017693,59.54765218542224,1.8341299249952794,0.5954765218542236,5.446921759282735,9.990362197808398,0.0,0.7420207438202501,9.874902758784518,0.12699904031643644,0.03162277660168379,0.011692210226695199,1.175751046007263,1.7417836138105987,5.6694199442952815,0.12699904031643644,9.874902758784518,0.053018245465433766,-0.0392453173690952,0.1757510460072631,0.011692210226695199,悪化,0.0,1.1923305988311768,ok
B,A_rhoB1.12,3.1622776601683795,1.12,0.7000000000000001,0.1,0.03162277660168379,P2 only,config,P2 only γ=10,0.03162277660168379,0,10.0,False,0.10318004648075906,0.16459571368882212,112.6532015881955,11.695660008356528,0.7356486399732607,2.294751818826988,5.273939532843223,58.47830004178266,1.9264103352475184,0.5847830004178264,5.426068544178746,10.452834523267393,0.0,1.3197971776801285,9.874902758784518,0.12699904031643644,0.03162277660168379,0.05852531195497179,1.2960390352455273,1.7417836138105987,5.6694199442952815,0.12699904031643644,9.874902758784518,0.1059986556154362,-0.042923509372665425,0.2960390352455273,0.05852531195497179,悪化,0.0,1.0078964233398438,ok
B,A_rhoB1.12,17.78279410038923,1.12,0.7000000000000001,0.1,0.005623413251903491,P1 only (protect),config,P1 only (protect) n_target=10,0.042169650342858224,10,1.0,True,0.06516871750289908,0.10423212943354886,105.69721717662293,12.5407501879303,1.386043862197377,0.5842482753912843,5.488957674481039,62.70375093965151,1.6856601972400338,0.627037509396515,5.247411785025031,8.845353184544972,0.002051998366393376,0.6827019376117656,8.845854072197431,0.10431956187492795,0.042169650342858224,-5.6624001297134186e-05,0.999161878752099,1.68588579739935,5.247006698699912,0.10431956187492795,8.845854072197431,-0.00013381698787906515,7.720331769722755e-05,-0.000838121247900947,-5.6624001297134186e-05,改善,0.0,1.4618418216705322,ok
B,A_rhoB1.12,17.78279410038923,1.12,0.7000000000000001,0.1,0.005623413251903491,P1 only (protect),config,P1 only (protect) n_target=20,0.042169650342858224,20,1.0,True,0.0642685659377853,0.10279310803040317,105.5913273180337,12.560896487574329,1.3888315178472586,0.5798445933276837,5.4704274012507295,62.80448243787179,1.68127055935041,0.6280448243787164,5.2539595560456664,8.83332752159733,0.0027596867608555113,0.6633977063225521,8.845854072197431,0.10431956187492795,0.042169650342858224,-0.0014160928382792592,0.985367520558082,1.68588579739935,5.247006698699912,0.10431956187492795,8.845854072197431,-0.0027375745474926827,0.0013251092946913179,-0.014632479441918034,-0.0014160928382792592,改善,0.0,8.14011001586914,ok
B,A_rhoB1.12,17.78279410038923,1.12,0.7000000000000001,0.1,0.005623413251903491,P2 only,config,P2 only γ=3,0.042169650342858224,0,3.0,False,0.06664374014622858,0.10658952982588135,107.51584591186833,12.507746582437651,0.762540557769075,0.9550770401521917,5.774635819641082,62.53873291218818,1.7191881079975406,0.6253873291218826,5.233772424967339,8.9978393129693,0.0,1.1613572822135596,8.845854072197431,0.10431956187492795,0.042169650342858224,0.017181522499851942,1.0217597534935483,1.68588579739935,5.247006698699912,0.10431956187492795,8.845854072197431,0.019753598167540742,-0.0025222521129718567,0.021759753493548306,0.017181522499851942,悪化,0.0,1.0072617530822754,ok
B,A_rhoB1.12,17.78279410038923,1.12,0.7000000000000001,0.1,0.005623413251903491,P2 only,config,P2 only γ=10,0.042169650342858224,0,10.0,False,0.06758981122057355,0.10810077100805693,110.24509522558665,12.486589205887194,0.36581281369472873,1.5016349065517824,5.645963073866295,62.43294602943595,1.765816003198186,0.6243294602943597,5.341815482810572,9.432663265678753,0.0,1.6515341065301206,8.845854072197431,0.10431956187492795,0.042169650342858224,0.0663372003078444,1.0362464054216638,1.68588579739935,5.247006698699912,0.10431956187492795,8.845854072197431,0.04741139994306631,0.018069118176302634,0.0362464054216638,0.0663372003078444,悪化,0.0,1.0771360397338867,ok
B,A_rhoB1.12,100.0,1.12,0.7000000000000001,0.1,0.001,P1 only (protect),config,P1 only (protect) n_target=10,0.02053525026457146,10,1.0,True,0.056402373166993314,0.09023869770253139,104.40441956736791,12.736658232164103,1.259951060332812,0.2587066213671007,5.744684086135984,63.68329116082053,1.6394319085003568,0.6368329116082052,5.170227117429021,8.476235310506958,0.00041487370438540353,0.5653806451674007,8.47631495141551,0.09025500703386294,0.02053525026457146,-9.395699547387615e-06,0.9998192972127803,1.6394720824924207,5.1701490021893655,0.09025500703386294,8.47631495141551,-2.450422455679835e-05,1.5108895241144893e-05,-0.0001807027872197109,-9.395699547387615e-06,改善,0.0,1.2559614181518555,ok
B,A_rhoB1.12,100.0,1.12,0.7000000000000001,0.1,0.001,P1 only (protect),config,P1 only (protect) n_target=20,0.02053525026457146,20,1.0,True,0.056157029955998625,0.08984619675553775,104.36647425651968,12.742153245422017,1.2606549520393577,0.2561130819768615,5.741078720561763,63.71076622710998,1.6381293215731256,0.6371076622711008,5.171476803096085,8.471547786986946,0.0004972916398955533,0.5610051711787516,8.47631495141551,0.09025500703386294,0.02053525026457146,-0.0005624100161318868,0.9954704975185276,1.6394720824924207,5.1701490021893655,0.09025500703386294,8.47631495141551,-0.0008190203014947217,0.0002568206266699846,-0.004529502481472436,-0.0005624100161318868,改善,0.0,8.057503938674927,ok
B,A_rhoB1.12,100.0,1.12,0.7000000000000001,0.1,0.001,P2 only,config,P2 only γ=3,0.02053525026457146,0,3.0,False,0.056601815085891176,0.09055773623015971,105.5980267544679,12.732191692777311,0.8172505633799909,0.49820988302460656,5.952347860818091,63.660958463886466,1.658756470252823,0.6366095846388655,5.15872830456177,8.557073953468212,0.0,0.9561484312070861,8.47631495141551,0.09025500703386294,0.02053525026457146,0.00952760751760584,1.003354154038049,1.6394720824924207,5.1701490021893655,0.09025500703386294,8.47631495141551,0.011762559403320383,-0.002208968759461194,0.003354154038049062,0.00952760751760584,悪化,0.0,1.0426828861236572,ok
B,A_rhoB1.12,100.0,1.12,0.7000000000000001,0.1,0.001,P2 only,config,P2 only γ=10,0.02053525026457146,0,10.0,False,0.05675716468818095,0.09080616954079754,107.76379354096002,12.728713626428375,0.46424927079569495,0.9297976306102841,5.8772394721656465,63.64356813214189,1.6932393437968811,0.6364356813214187,5.240056126921654,8.872669197807648,0.0,1.4383946200786994,8.47631495141551,0.09025500703386294,0.02053525026457146,0.04676020755056398,1.0061067249900917,1.6394720824924207,5.1701490021893655,0.09025500703386294,8.47631495141551,0.03279547232223701,0.013521297878007932,0.006106724990091683,0.04676020755056398,悪化,0.0,1.0329346656799316,ok
B,B_alpha0.005,0.1,0.8,0.5,0.005,0.049999999999999996,P1 only (protect),config,P1 only (protect) n_target=10,4.9999999999999996e-05,10,1.0,True,7.141870209627104e-05,0.00011393445489318455,53.71868093123308,9.998860655451084,9.199651036110682,0.09199651036110675,0.7094917980771278,49.994303277255355,1.0744960407453485,0.4999430327725542,5.869291355136204,6.306530323074752,3.8088641647640615e-17,0.3713781344577127,6.306530323074743,0.00011393445489318985,4.9999999999999996e-05,1.3322676295501878e-15,0.9999999999999535,1.0744960407453485,5.869291355136196,0.00011393445489318985,6.306530323074743,0.0,1.3322676295501878e-15,-4.651834473179406e-14,1.3322676295501878e-15,引き換え,0.0,1.3838505744934082,ok
B,B_alpha0.005,0.1,0.8,0.5,0.005,0.049999999999999996,P1 only (protect),config,P1 only (protect) n_target=20,4.9999999999999996e-05,20,1.0,True,1.170448506080372e-05,1.867653966548762e-05,52.883375331117215,9.999813234603339,9.840741724772032,0.07635898848401673,0.0830860521406116,49.9990661730167,1.0576872605604204,0.49999066173016693,6.008392476644257,6.355000178993704,0.003821772099650009,0.003957566592354593,6.306530323074743,0.00011393445489318985,4.9999999999999996e-05,0.007685661280596001,0.16392354431323097,1.0744960407453485,5.869291355136196,0.00011393445489318985,6.306530323074743,-0.015643408209553122,0.02369981537657595,-0.836076455686769,0.007685661280596001,引き換え,0.0,8.249254941940308,ok
B,B_alpha0.005,0.1,0.8,0.5,0.005,0.049999999999999996,P2 only,config,P2 only γ=3,4.9999999999999996e-05,0,3.0,False,0.00033556204260871996,0.0005352105716944888,55.25263106817793,9.994647894283068,8.506941546938467,0.22385902192419305,1.274551536854272,49.97323947141527,1.1056443739210158,0.49973239471415337,5.76101816004636,6.36963731671206,0.0,0.7019669965255928,6.306530323074743,0.00011393445489318985,4.9999999999999996e-05,0.01000661067249875,4.697530454648093,1.0744960407453485,5.869291355136196,0.00011393445489318985,6.306530323074743,0.028988783573423493,-0.01844740506791953,3.697530454648093,0.01000661067249875,悪化,0.0,0.9848814010620117,ok
B,B_alpha0.005,0.1,0.8,0.5,0.005,0.049999999999999996,P2 only,config,P2 only γ=10,4.9999999999999996e-05,0,10.0,False,0.0026819055087715085,0.004276090677316091,60.60631676308823,9.957239093226853,7.3015288330015515,0.6357842425863479,2.1054478311852467,49.786195466134274,1.2173317562358035,0.49786195466134264,5.629902200178201,6.853458732778743,0.0,1.159566656402231,6.306530323074743,0.00011393445489318985,4.9999999999999996e-05,0.08672413858106132,37.5311461429714,1.0744960407453485,5.869291355136196,0.00011393445489318985,6.306530323074743,0.1329327517962502,-0.04078672202028377,36.5311461429714,0.08672413858106132,悪化,0.0,1.0384769439697266,ok
B,B_alpha0.005,0.5623413251903491,0.8,0.5,0.005,0.008891397050194615,P1 only (protect),config,P1 only (protect) n_target=10,3.2469081578810564e-05,10,1.0,True,5.202950918258598e-05,8.320454979438313e-05,53.53629243747069,9.999167954502054,9.463004578106458,0.06145101352543914,0.4763764538660489,49.99583977251034,1.0708149454248599,0.4999583977251027,5.917331796364856,6.336367324585221,4.177003690798726e-16,0.25451237641966556,6.336367324585204,8.32045497944154e-05,3.2469081578810564e-05,2.6645352591003757e-15,0.9999999999996122,1.0708149454248617,5.91733179636483,8.32045497944154e-05,6.336367324585204,-1.6653345369377348e-15,4.440892098500626e-15,-3.878009025015672e-13,2.6645352591003757e-15,引き換え,0.0,1.287858009338379,ok
B,B_alpha0.005,0.5623413251903491,0.8,0.5,0.005,0.008891397050194615,P1 only (protect),config,P1 only (protect) n_target=20,3.2469081578810564e-05,20,1.0,True,1.3519549674695235e-05,2.162088462150896e-05,52.969165214279556,9.999783791153783,9.869467453716064,0.05108149828401056,0.0796672568461414,49.998918955768914,1.059406209585016,0.4999891895576892,6.005357755471721,6.3621132969262755,0.0006419029710676987,0.00047874321972846075,6.336367324585204,8.32045497944154e-05,3.2469081578810564e-05,0.004063207043123462,0.2598521916761832,1.0708149454248617,5.91733179636483,8.32045497944154e-05,6.336367324585204,-0.010654255330101892,0.014875954591724527,-0.7401478083238169,0.004063207043123462,引き換え,0.0,8.049195766448975,ok
B,B_alpha0.005,0.5623413251903491,0.8,0.5,0.005,0.008891397050194615,P2 only,config,P2 only γ=3,3.2469081578810564e-05,0,3.0,False,0.00023632254093998453,0.00037790652759505245,54.65681774375075,9.996220934724056,8.907073970111831,0.15335844884668198,0.9433466463174316,49.98110467362025,1.0935496144125505,0.4998110467362028,5.825367859404514,6.3703287764630705,0.0,0.5096674316022564,6.336367324585204,8.32045497944154e-05,3.2469081578810564e-05,0.005359766903994867,4.541897390572951,1.0708149454248617,5.91733179636483,8.32045497944154e-05,6.336367324585204,0.021231183861249336,-0.015541453500513835,3.5418973905729514,0.005359766903994867,悪化,0.0,1.0344302654266357,ok
B,B_alpha0.005,0.5623413251903491,0.8,0.5,0.005,0.008891397050194615,P2 only,config,P2 only γ=10,3.2469081578810564e-05,0,10.0,False,0.0021113315407495854,0.0033760094819592326,58.696614000379924,9.966239905180414,7.848751621856652,0.44380797363552515,1.741200499327408,49.831199525901994,1.1779089116622556,0.4983119952590207,5.684553982348615,6.695886794633599,0.0,0.877173137357068,6.336367324585204,8.32045497944154e-05,3.2469081578810564e-05,0.056739051199486745,40.57481820766762,1.0708149454248617,5.91733179636483,8.32045497944154e-05,6.336367324585204,0.10001164691897624,-0.03933830686310613,39.57481820766762,0.056739051199486745,悪化,0.0,0.9992849826812744,ok
B,B_alpha0.005,3.1622776601683795,0.8,0.5,0.005,0.0015811388300841897,P1 only (protect),config,P1 only (protect) n_target=10,4.9999999999999996e-05,10,1.0,True,0.00014684236963197856,0.00023492424924976285,53.94971540532983,9.997650757507506,9.126085096444912,0.09126085086113889,0.7850032951864439,49.98825378753752,1.0792478495974176,0.4998825378753753,5.851964271251258,6.3157198556688385,7.76321143874379e-10,0.3225287942078222,6.315719856414418,0.00023492429298554792,4.9999999999999996e-05,-1.180514574983249e-10,0.9999998138303003,1.0792478497826068,5.851964270937946,0.00023492429298554792,6.315719856414418,-1.7159096366015092e-10,5.3539617184128474e-11,-1.8616969965634667e-07,-1.180514574983249e-10,改善,0.0,1.3889522552490234,ok
B,B_alpha0.005,3.1622776601683795,0.8,0.5,0.005,0.0015811388300841897,P1 only (protect),config,P1 only (protect) n_target=20,4.9999999999999996e-05,20,1.0,True,4.83877011471781e-05,7.741257207458444e-05,53.13284673355902,9.999225874279254,9.604893041543527,0.07670992494649263,0.31917115923072714,49.99612937139629,1.0627392040464096,0.4999612937139627,5.955098953248617,6.3287171215930424,0.0003279418748967415,0.0001305804321212092,6.315719856414418,0.00023492429298554792,4.9999999999999996e-05,0.0020579230038875185,0.329521358097039,1.0792478497826068,5.851964270937946,0.00023492429298554792,6.315719856414418,-0.015296436068436448,0.01762394258332356,-0.670478641902961,0.0020579230038875185,引き換え,0.0,7.961374282836914,ok
B,B_alpha0.005,3.1622776601683795,0.8,0.5,0.005,0.0015811388300841897,P2 only,config,P2 only γ=3,4.9999999999999996e-05,0,3.0,False,0.0011083891312475087,0.0017732123282035717,55.714098509759815,9.982267876717968,8.270749548841335,0.2185880556537914,1.5283945187869055,49.911339383589805,1.1162613385622322,0.49911339383589837,5.701099662677153,6.36391714073669,0.0,0.5113611864566696,6.315719856414418,0.00023492429298554792,4.9999999999999996e-05,0.007631320802381936,7.54801602536974,1.0792478497826068,5.851964270937946,0.00023492429298554792,6.315719856414418,0.03429563356283838,-0.025780165646262843,6.54801602536974,0.007631320802381936,悪化,0.0,1.1644632816314697,ok
B,B_alpha0.005,3.1622776601683795,0.8,0.5,0.005,0.0015811388300841897,P2 only,config,P2 only γ=10,4.9999999999999996e-05,0,10.0,False,0.007719277047523017,0.012348897368807081,60.36963971959698,9.876511026311952,6.5835530720907975,0.5494855173562885,2.9904503842409618,49.38255513155979,1.222489187907887,0.49382555131559763,5.405136750915204,6.607721237157403,0.0,0.6336201095752266,6.315719856414418,0.00023492429298554792,4.9999999999999996e-05,0.046234061576752916,52.5654337909054,1.0792478497826068,5.851964270937946,0.00023492429298554792,6.315719856414418,0.13272330183852876,-0.07635513467533939,51.5654337909054,0.046234061576752916,悪化,0.0,1.6043586730957031,ok
B,B_alpha0.005,17.78279410038923,0.8,0.5,0.005,0.00028117066259517455,P1 only (protect),config,P1 only (protect) n_target=10,0.0007699632630297459,10,1.0,True,0.006961021105028481,0.011136268098943053,58.996379946446325,9.888637319010456,3.5259571408667028,0.5429615123700875,6.042444027752753,49.443186595052225,1.1932155673871976,0.4944318659505228,4.717486148116294,5.62897791086583,9.770778969971105e-05,0.8983559837105235,5.629089940591411,0.011146736362305896,0.0007699632630297459,-1.9901924958376505e-05,0.9990608674124345,1.1932522264931742,4.717435103502496,0.011146736362305896,5.629089940591411,-3.072200928078139e-05,1.08204167472703e-05,-0.0009391325875655054,-1.9901924958376505e-05,改善,0.0,1.325984239578247,ok
B,B_alpha0.005,17.78279410038923,0.8,0.5,0.005,0.00028117066259517455,P1 only (protect),config,P1 only (protect) n_target=20,0.0007699632630297459,20,1.0,True,0.006369659465193591,0.010190143567415629,56.395584080668485,9.898098564325714,4.277644618331931,0.38009595965869103,5.444160857683664,49.49049282162864,1.1395235906000543,0.49490492821628573,4.8293808712879205,5.503193430825229,0.00013782819206611567,0.18457494353723997,5.629089940591411,0.011146736362305896,0.0007699632630297459,-0.022365339885287883,0.9141818049877714,1.1932522264931742,4.717435103502496,0.011146736362305896,5.629089940591411,-0.04502705689560871,0.023730218928143643,-0.08581819501222865,-0.022365339885287883,改善,0.0,7.825161695480347,ok
B,B_alpha0.005,17.78279410038923,0.8,0.5,0.005,0.00028117066259517455,P2 only,config,P2 only γ=3,0.0007699632630297459,0,3.0,False,0.008991585954913164,0.01437076040231295,60.583529098993345,9.856292395976698,2.525838643349197,0.7988913057117348,6.818977654962371,49.281461979883545,1.2293370907649463,0.4928146197988349,4.5759348560366755,5.62536644345004,0.0,1.1403090721848934,5.629089940591411,0.011146736362305896,0.0007699632630297459,-0.0006614740891811577,1.2892347979906926,1.1932522264931742,4.717435103502496,0.011146736362305896,5.629089940591411,0.030240768439897536,-0.029995165669743473,0.2892347979906926,-0.0006614740891811577,引き換え,0.0,1.259139060974121,ok
B,B_alpha0.005,17.78279410038923,0.8,0.5,0.005,0.00028117066259517455,P2 only,config,P2 only γ=10,0.0007699632630297459,0,10.0,False,0.010412514731701414,0.016485531769540682,63.63523910664034,9.835144682304392,1.935391868485443,1.334375111145538,6.895088338064626,49.175723411521965,1.2940376814412147,0.4917572341152196,4.636117232769199,5.999310394782315,0.0,1.4506379284442783,5.629089940591411,0.011146736362305896,0.0007699632630297459,0.06576914884966412,1.4789559233937388,1.1932522264931742,4.717435103502496,0.011146736362305896,5.629089940591411,0.08446282580526732,-0.017237729602877283,0.4789559233937388,0.06576914884966412,悪化,0.0,1.0994064807891846,ok
B,B_alpha0.005,100.0,0.8,0.5,0.005,5e-05,P1 only (protect),config,P1 only (protect) n_target=10,0.00043298216168003264,10,1.0,True,0.0015802700702773034,0.0025280534551806125,55.534202889906794,9.974719465447956,3.140470676603358,0.27195254346542497,6.612857314483262,49.87359732723971,1.11349904290091,0.4987359732723978,4.560996240904851,5.078664948922199,2.1937218080772953e-05,0.7155413581117955,5.078690305287568,0.002530430715355597,0.00043298216168003264,-4.9926976924963284e-06,0.9990605314104992,1.1135073039506516,4.5609851747435375,0.002530430715355597,5.078690305287568,-7.418945266235433e-06,2.426265574007047e-06,-0.0009394685895007804,-4.9926976924963284e-06,改善,0.0,1.2776834964752197,ok
B,B_alpha0.005,100.0,0.8,0.5,0.005,5e-05,P1 only (protect),config,P1 only (protect) n_target=20,0.00043298216168003264,20,1.0,True,0.0014139693259458957,0.0022619758257718045,53.95647467990731,9.977380241742056,3.654335627079744,0.1466805186965603,6.221603612481639,49.88690120871014,1.0815759923465968,0.49886901208710277,4.630818630151375,5.008582255283081,2.4820452237111813e-05,0.2091331000368478,5.078690305287568,0.002530430715355597,0.00043298216168003264,-0.013804356200159407,0.8939094091947635,1.1135073039506516,4.5609851747435375,0.002530430715355597,5.078690305287568,-0.028676337811853192,0.015311046349052004,-0.10609059080523653,-0.013804356200159407,改善,0.0,7.963994026184082,ok
B,B_alpha0.005,100.0,0.8,0.5,0.005,5e-05,P2 only,config,P2 only γ=3,0.00043298216168003264,0,3.0,False,0.001799707118204233,0.0028741584956897604,56.29715154355101,9.971258415042813,2.593962672229757,0.41617790653338577,7.018601006194043,49.856292075214014,1.129188497584622,0.49856292075214065,4.490635159489186,5.070773568944273,0.0,0.905633332028926,5.078690305287568,0.002530430715355597,0.00043298216168003264,-0.0015588145500922135,1.135837657300117,1.1135073039506516,4.5609851747435375,0.002530430715355597,5.078690305287568,0.014082703883786518,-0.015424302548474711,0.135837657300117,-0.0015588145500922135,引き換え,0.0,1.0276696681976318,ok
B,B_alpha0.005,100.0,0.8,0.5,0.005,5e-05,P2 only,config,P2 only γ=10,0.00043298216168003264,0,10.0,False,0.0020074304281293078,0.0031466788867793843,58.16527303510628,9.968533211131861,2.2199257558053076,0.7634087020414673,7.048132331021364,49.84266605565933,1.1669775643652989,0.49842666055659307,4.535784131915515,5.29315831874954,0.0,1.1674371754970991,5.078690305287568,0.002530430715355597,0.00043298216168003264,0.04222900011026143,1.2435348921763254,1.1135073039506516,4.5609851747435375,0.002530430715355597,5.078690305287568,0.048019676408891376,-0.005525350743864066,0.2435348921763254,0.04222900011026143,悪化,0.0,1.077791452407837,ok
B,B_alpha0.02,0.1,0.8,0.5,0.02,0.19999999999999998,P1 only (protect),config,P1 only (protect) n_target=10,0.00038219059499408815,10,1.0,True,9.464277822164714e-05,0.0001495878172407379,53.96640762021661,9.99850412182759,8.40838267696081,0.16068023891089564,1.4324329623007035,49.99252060913798,1.0794896309019524,0.4999252060913795,5.716480367280691,6.17088128173409,5.825836072157156e-13,0.6205241363322975,6.1708812817361425,0.0001495878172867995,0.00038219059499408815,-3.326228181776969e-13,0.9999999996920765,1.0794896309023276,5.716480367280605,0.0001495878172867995,6.1708812817361425,-3.476108290101365e-13,1.509903313490213e-14,-3.079234645042561e-10,-3.326228181776969e-13,改善,0.0,1.2889399528503418,ok
B,B_alpha0.02,0.1,0.8,0.5,0.02,0.19999999999999998,P1 only (protect),config,P1 only (protect) n_target=20,0.00038219059499408815,20,1.0,True,5.968345934942112e-06,9.446321573707857e-06,52.62077272971116,9.99990553678426,9.725833766838054,0.13343956717076796,0.14082112920691792,49.99952768392128,1.0524253961429484,0.49999527683921297,6.003966479978474,6.318726801120329,0.02448827630964643,0.026288002016951008,6.1708812817361425,0.0001495878172867995,0.00038219059499408815,0.02395857457536299,0.06314900334160739,1.0794896309023276,5.716480367280605,0.0001495878172867995,6.1708812817361425,-0.02507132443389637,0.05029075483987522,-0.9368509966583927,0.02395857457536299,引き換え,0.0,9.128381967544556,ok
B,B_alpha0.02,0.1,0.8,0.5,0.02,0.19999999999999998,P2 only,config,P2 only γ=3,0.00038219059499408815,0,3.0,False,0.00045519424885043404,0.0007187519285995826,55.97508514997068,9.992812480714006,7.456081761526951,0.36248874754994276,2.1886170102091,49.964062403569905,1.120306925762932,0.4996406240357003,5.575388728222021,6.246146606047715,0.0,1.0409829183964747,6.1708812817361425,0.0001495878172867995,0.00038219059499408815,0.012196851774532336,4.804882788158776,1.0794896309023276,5.716480367280605,0.0001495878172867995,6.1708812817361425,0.037811659966095146,-0.02468155753077539,3.8048827881587757,0.012196851774532336,悪化,0.0,1.0678050518035889,ok
B,B_alpha0.02,0.1,0.8,0.5,0.02,0.19999999999999998,P2 only,config,P2 only γ=10,0.00038219059499408815,0,10.0,False,0.0031495185825840427,0.0049645626196323745,62.15363112667074,9.95035437380368,5.950216115823216,0.9441478404732143,3.15528166989989,49.751771869018334,1.249274725135475,0.497517718690184,5.438412295660154,6.794071025834226,0.0,1.5937442248515679,6.1708812817361425,0.0001495878172867995,0.00038219059499408815,0.10098877545133278,33.18828170421119,1.0794896309023276,5.716480367280605,0.0001495878172867995,6.1708812817361425,0.15728274674692955,-0.04864323040660268,32.18828170421119,0.10098877545133278,悪化,0.0,1.0696213245391846,ok
B,B_alpha0.02,0.5623413251903491,0.8,0.5,0.02,0.03556558820077846,P1 only (protect),config,P1 only (protect) n_target=10,0.0001731928646720131,10,1.0,True,6.107979158107253e-05,9.752513814356144e-05,53.63779085999799,9.999024748618565,9.269718474177262,0.08027245486226034,0.6509843223419125,49.99512374309283,1.0728604480633657,0.49995123743092823,5.880751413717421,6.309225596670144,5.139152418213619e-14,0.33039125301752265,6.309225596670248,9.752513814687234e-05,0.0001731928646720131,-1.6431300764452317e-14,0.9999999999660507,1.0728604480633834,5.880751413717421,9.752513814687234e-05,6.309225596670248,-1.6542323066914832e-14,0.0,-3.394928782540774e-11,-1.6431300764452317e-14,改善,0.0,1.4342739582061768,ok
B,B_alpha0.02,0.5623413251903491,0.8,0.5,0.02,0.03556558820077846,P1 only (protect),config,P1 only (protect) n_target=20,0.0001731928646720131,20,1.0,True,1.2064662611542947e-05,1.9266316433187617e-05,52.90503393915332,9.999807336835678,9.830238223062722,0.066603345845265,0.10335109425633604,49.99903668417831,1.0581210648783277,0.4999903668417839,6.0023528687386545,6.35121600924523,0.0032366299985880707,0.002460177487106322,6.309225596670248,9.752513814687234e-05,0.0001731928646720131,0.006655398817430713,0.19755231111975094,1.0728604480633834,5.880751413717421,9.752513814687234e-05,6.309225596670248,-0.013738397395170798,0.020677877105566234,-0.8024476888802491,0.006655398817430713,引き換え,0.0,8.903148651123047,ok
B,B_alpha0.02,0.5623413251903491,0.8,0.5,0.02,0.03556558820077846,P2 only,config,P2 only γ=3,0.0001731928646720131,0,3.0,False,0.0002958581708900035,0.00047230910120802896,55.00079727631419,9.995276908987913,8.597037392237404,0.1961511097785324,1.2115345889961517,49.976384544939606,1.1005357385718157,0.49976384544939567,5.771161577735859,6.351369569370819,0.0,0.6277869179944274,6.309225596670248,9.752513814687234e-05,0.0001731928646720131,0.0066797377990117646,4.842947266547154,1.0728604480633834,5.880751413717421,9.752513814687234e-05,6.309225596670248,0.025795797168577606,-0.018635345769918654,3.842947266547154,0.0066797377990117646,悪化,0.0,1.0400121212005615,ok
B,B_alpha0.02,0.5623413251903491,0.8,0.5,0.02,0.03556558820077846,P2 only,config,P2 only γ=10,0.0001731928646720131,0,10.0,False,0.0025709343682442237,0.004102926747775679,59.715009744481634,9.95897073252224,7.379921291194323,0.5527735234909985,2.1083344527924393,49.79485366261127,1.1992205087916339,0.49794853662611194,5.617027289613802,6.7360543241471555,0.0,1.0191217927330365,6.309225596670248,9.752513814687234e-05,0.0001731928646720131,0.06765152409547226,42.070453072280635,1.0728604480633834,5.880751413717421,9.752513814687234e-05,6.309225596670248,0.11777865514228103,-0.044845310667010585,41.070453072280635,0.06765152409547226,悪化,0.0,0.9847941398620605,ok
B,B_alpha0.02,3.1622776601683795,0.8,0.5,0.02,0.006324555320336759,P1 only (protect),config,P1 only (protect) n_target=10,0.00023095639693789167,10,1.0,True,0.00016186318362960457,0.0002588770574278955,54.07160721778723,9.997411229425712,9.004051695567625,0.10397716550867497,0.8945599094979872,49.9870561471286,1.0817121748205463,0.4998705614712856,5.82912602262714,6.305436587239044,1.0058763995413851e-08,0.36341730253625043,6.305436597389556,0.00025887760052584446,0.00023095639693789167,-1.6098031796474288e-09,0.999997902105289,1.0817121772643323,5.829126018841821,0.00025887760052584446,6.305436597389556,-2.2591832848917193e-09,6.493801052442905e-10,-2.0978947109506763e-06,-1.6098031796474288e-09,改善,0.0,1.3798248767852783,ok
B,B_alpha0.02,3.1622776601683795,0.8,0.5,0.02,0.006324555320336759,P1 only (protect),config,P1 only (protect) n_target=20,0.00023095639693789167,20,1.0,True,4.680572394194513e-05,7.485938848570934e-05,53.13617077112327,9.99925140611513,9.548424722986912,0.08772196760414655,0.3646019032938117,49.99625703057566,1.0628029762033457,0.4999625703057565,5.946510285460144,6.319968829410849,0.0014247223904410007,0.0005921595551625089,6.305436597389556,0.00025887760052584446,0.00023095639693789167,0.00230471463741444,0.28916904488318573,1.0817121772643323,5.829126018841821,0.00025887760052584446,6.305436597389556,-0.017480806316527042,0.02013754141511015,-0.7108309551168143,0.00230471463741444,引き換え,0.0,8.23336410522461,ok
B,B_alpha0.02,3.1622776601683795,0.8,0.5,0.02,0.006324555320336759,P2 only,config,P2 only γ=3,0.00023095639693789167,0,3.0,False,0.0012157443127911339,0.0019442643155647926,56.024969341095456,9.98055735684435,8.074162109055893,0.24622223577994792,1.6990582983198088,49.902786784221824,1.122682177717765,0.49902786784221753,5.666498673092584,6.361677070342408,0.0,0.5564629692894925,6.305436597389556,0.00025887760052584446,0.00023095639693789167,0.008919362217698845,7.510361312123995,1.0817121772643323,5.829126018841821,0.00025887760052584446,6.305436597389556,0.0378751402771913,-0.027899095889086456,6.510361312123995,0.008919362217698845,悪化,0.0,1.1435468196868896,ok
B,B_alpha0.02,3.1622776601683795,0.8,0.5,0.02,0.006324555320336759,P2 only,config,P2 only γ=10,0.00023095639693789167,0,10.0,False,0.008109378557261395,0.012966916893048195,61.01836439895622,9.870330831069518,6.297197675282681,0.6044090288772277,3.2280624647705727,49.35165415534758,1.236399578560924,0.4935165415534759,5.358864921714447,6.625698330772662,0.0,0.6604709424445171,6.305436597389556,0.00025887760052584446,0.00023095639693789167,0.05079136526655326,50.0889874856271,1.0817121772643323,5.829126018841821,0.00025887760052584446,6.305436597389556,0.1430023665701894,-0.08067437478745909,49.0889874856271,0.05079136526655326,悪化,0.0,1.1498677730560303,ok
B,B_alpha0.02,17.78279410038923,0.8,0.5,0.02,0.0011246826503806982,P1 only (protect),config,P1 only (protect) n_target=10,0.0030798530521189845,10,1.0,True,0.006528680836145446,0.010444346392761122,58.998152270962144,9.895556536072364,3.51039926257573,0.5405356574118297,6.053508543940076,49.477782680361884,1.1924170622621488,0.4947778268036182,4.715665891752121,5.62304046925288,0.00039057635140367526,0.908219258988883,5.623506868818409,0.010485422354046156,0.0030798530521189845,-8.293749370447134e-05,0.9960825649269928,1.192565859593171,4.715468603752248,0.010485422354046156,5.623506868818409,-0.00012477074521732856,4.18384717302267e-05,-0.003917435073007236,-8.293749370447134e-05,改善,0.0,1.4970276355743408,ok
B,B_alpha0.02,17.78279410038923,0.8,0.5,0.02,0.0011246826503806982,P1 only (protect),config,P1 only (protect) n_target=20,0.0030798530521189845,20,1.0,True,0.005829425900627683,0.009325696736759969,56.45661593862119,9.906743032632399,4.268513261411213,0.3791537141166425,5.445589991839746,49.53371516316185,1.1397613878275759,0.49533715163161995,4.830216828457937,5.50529463591133,0.0005510836188526527,0.18961697510282488,5.623506868818409,0.010485422354046156,0.0030798530521189845,-0.021021088026503598,0.8893963849879001,1.192565859593171,4.715468603752248,0.010485422354046156,5.623506868818409,-0.04427803407319464,0.024334426617617755,-0.11060361501209992,-0.021021088026503598,改善,0.0,7.9932708740234375,ok
B,B_alpha0.02,17.78279410038923,0.8,0.5,0.02,0.0011246826503806982,P2 only,config,P2 only γ=3,0.0030798530521189845,0,3.0,False,0.008539251892573681,0.013659852358881504,60.54340366799239,9.863401476411155,2.4991954766267352,0.7890617288161861,6.848341318145923,49.31700738205575,1.227637419257143,0.4931700738205578,4.568901625082647,5.6089545998562285,0.0,1.166027577167033,5.623506868818409,0.010485422354046156,0.0030798530521189845,-0.0025877569462697814,1.3027469850664037,1.192565859593171,4.715468603752248,0.010485422354046156,5.623506868818409,0.029408488748735806,-0.031082166161168434,0.30274698506640374,-0.0025877569462697814,引き換え,0.0,1.0672097206115723,ok
B,B_alpha0.02,17.78279410038923,0.8,0.5,0.02,0.0011246826503806982,P2 only,config,P2 only γ=10,0.0030798530521189845,0,10.0,False,0.009860702997454038,0.01576397843688905,63.17222024658641,9.842360215631066,1.889893292542874,1.2755414497856792,6.99220504204038,49.21180107815535,1.2836803137170276,0.4921180107815533,4.60644591624155,5.913203938881474,0.0,1.5204082968407169,5.623506868818409,0.010485422354046156,0.0030798530521189845,0.051515375871486135,1.5034185466841004,1.192565859593171,4.715468603752248,0.010485422354046156,5.623506868818409,0.07640203129321455,-0.02312022339072406,0.5034185466841004,0.051515375871486135,悪化,0.0,1.3414983749389648,ok
B,B_alpha0.02,100.0,0.8,0.5,0.02,0.0002,P1 only (protect),config,P1 only (protect) n_target=10,0.001731928646720131,10,1.0,True,0.0014905652499695688,0.002384835706247495,55.52040939144441,9.976151642937548,3.126277354476659,0.2707203952855965,6.626850607300195,49.880758214687695,1.11306265940232,0.4988075821468774,4.557869604772819,5.073194463497435,8.77786817394668e-05,0.7259998067096073,5.073299200627794,0.0023941989247807777,0.001731928646720131,-2.06447769424134e-05,0.9960892061071576,1.1130962155523187,4.5578262954657704,0.0023941989247807777,5.073299200627794,-3.014667513001612e-05,9.502184646903444e-06,-0.003910793892842435,-2.06447769424134e-05,改善,0.0,1.3519368171691895,ok
B,B_alpha0.02,100.0,0.8,0.5,0.02,0.0002,P1 only (protect),config,P1 only (protect) n_target=20,0.001731928646720131,20,1.0,True,0.0013074535410978613,0.0020918630292004444,53.97217270410928,9.979081369708013,3.6468979879722525,0.1461076709788645,6.227912971340871,49.89540684853989,1.0817062353644018,0.49895406848540064,4.629564998828137,5.007829326257185,9.928299413903252e-05,0.2138406736381711,5.073299200627794,0.0023941989247807777,0.001731928646720131,-0.012904792676628918,0.873721480512311,1.1130962155523187,4.5578262954657704,0.0023941989247807777,5.073299200627794,-0.028200599147973238,0.015739674729099207,-0.12627851948768898,-0.012904792676628918,改善,0.0,7.921857595443726,ok
B,B_alpha0.02,100.0,0.8,0.5,0.02,0.0002,P2 only,config,P2 only γ=3,0.001731928646720131,0,3.0,False,0.0017095991361602775,0.0027350861653037124,56.255972410446276,9.972649138346984,2.571715278347893,0.4116157863733537,7.044019796931769,49.86324569173486,1.1282051866064355,0.4986324569173492,4.484424032608297,5.059350452531228,0.0,0.9278234290056037,5.073299200627794,0.0023941989247807777,0.001731928646720131,-0.0027494432212553654,1.1423805002143452,1.1130962155523187,4.5578262954657704,0.0023941989247807777,5.073299200627794,0.013573823037948074,-0.01610466439462499,0.14238050021434523,-0.0027494432212553654,引き換え,0.0,1.169780969619751,ok
B,B_alpha0.02,100.0,0.8,0.5,0.02,0.0002,P2 only,config,P2 only γ=10,0.001731928646720131,0,10.0,False,0.0018752865181641475,0.0029969933840759888,57.91796312315143,9.970030066159262,2.1820331576005,0.7360778070536497,7.111858969186587,49.850150330796254,1.16184129313189,0.4985015033079631,4.5175229341273715,5.248644687539516,0.0,1.222848098638075,5.073299200627794,0.0023941989247807777,0.001731928646720131,0.034562417862132655,1.2517729220642788,1.1130962155523187,4.5578262954657704,0.0023941989247807777,5.073299200627794,0.04379233070645561,-0.008842671643387034,0.2517729220642788,0.034562417862132655,悪化,0.0,1.153660774230957,ok
B,B_alpha1,0.1,0.8,0.5,1.0,10.0,P1 only (protect),config,P1 only (protect) n_target=10,0.2053525026457146,10,1.0,True,5.533379329010475e-10,6.802089742709656e-10,54.13784841811136,9.999999993197926,2.3122825009147996,0.4435452485658853,7.24417225732139,49.99999996598974,1.0827569690987242,0.49999999965989633,4.448187324814725,4.816305825799754,0.0924995577850833,2.349177809367075,4.8315335746888755,7.825805167812716e-10,0.2053525026457146,-0.0031517423306123282,0.8691872078142746,1.0871433839803621,4.4442468637385835,7.825805167812716e-10,4.8315335746888755,-0.004034808054093064,0.0008866431584375611,-0.1308127921857254,-0.0031517423306123282,改善,0.0,1.4659392833709717,ok
B,B_alpha1,0.1,0.8,0.5,1.0,10.0,P1 only (protect),config,P1 only (protect) n_target=20,0.2053525026457146,20,1.0,True,4.390631704583314e-12,5.441945795514848e-12,52.0070027034839,9.99999999994558,8.779867683769929,0.9248152025220292,0.2953171137624615,49.99999999972791,1.0401400540753383,0.49999999999727895,6.0881448108700615,6.332523272796876,2.0657916411415753,2.028564193008162,4.8315335746888755,7.825805167812716e-10,0.2053525026457146,0.3106652732315238,0.006953847787953367,1.0871433839803621,4.4442468637385835,7.825805167812716e-10,4.8315335746888755,-0.04323563073431069,0.36989348196301597,-0.9930461522120466,0.3106652732315238,引き換え,0.0,8.179092645645142,ok
B,B_alpha1,0.1,0.8,0.5,1.0,10.0,P2 only,config,P2 only γ=3,0.2053525026457146,0,3.0,False,1.0172148130122747e-09,1.2489303263107347e-09,55.48599459988363,9.99999998751071,1.5944679187509971,0.6876079559299028,7.7179241378083905,49.9999999375537,1.1097198933836305,0.4999999993755355,4.378019663430001,4.8583755141329785,0.0,3.2320472188504565,4.8315335746888755,7.825805167812716e-10,0.2053525026457146,0.005555573407317382,1.5959128799264577,1.0871433839803621,4.4442468637385835,7.825805167812716e-10,4.8315335746888755,0.020766818559488476,-0.014901782537991348,0.5959128799264577,0.005555573407317382,悪化,0.0,1.0821661949157715,ok
B,B_alpha1,0.1,0.8,0.5,1.0,10.0,P2 only,config,P2 only γ=10,0.2053525026457146,0,10.0,False,1.7630287396639252e-09,2.1626824258401675e-09,57.383572440337,9.999999978373179,0.8662526410630337,1.0632244524138041,8.070522928149984,49.9999998918658,1.1476714512887907,0.49999999891865893,4.354967322279418,4.998071667075678,0.0,4.4021168801123505,4.8315335746888755,7.825805167812716e-10,0.2053525026457146,0.03446899205238907,2.7635270486099124,1.0871433839803621,4.4442468637385835,7.825805167812716e-10,4.8315335746888755,0.05567625043792934,-0.020088789888701664,1.7635270486099124,0.03446899205238907,悪化,0.0,1.1277685165405273,ok
B,B_alpha1,0.5623413251903491,0.8,0.5,1.0,1.7782794100389228,P1 only (protect),config,P1 only (protect) n_target=10,0.2053525026457146,10,1.0,True,3.999796521629147e-07,5.89429206854925e-07,55.00074264931485,9.999994105707906,2.9514132049529618,0.5786828354302693,6.469909853908863,49.999970528539734,1.1000155013675599,0.4999997052853953,4.643174358408059,5.1075637698012395,0.06890191988814647,2.4596995227139997,5.127236745027126,6.656626151188083e-07,0.2053525026457146,-0.0038369547193168874,0.8854774077251175,1.1054328908314899,4.638216202496468,6.656626151188083e-07,5.127236745027126,-0.0049006950208032585,0.001068979041753515,-0.11452259227488248,-0.0038369547193168874,改善,0.0,1.257927656173706,ok
B,B_alpha1,0.5623413251903491,0.8,0.5,1.0,1.7782794100389228,P1 only (protect),config,P1 only (protect) n_target=20,0.2053525026457146,20,1.0,True,1.3997717986981928e-08,2.0704993613333986e-08,52.07504996776266,9.999999792950064,8.107112722441544,0.9241741949941552,0.9687132896142376,49.9999989647503,1.0415010209195257,0.4999999896475032,5.93613828081741,6.182494079790811,0.6527141713244407,0.7993620865492509,5.127236745027126,6.656626151188083e-07,0.2053525026457146,0.20581404511644052,0.031104335954992055,1.1054328908314899,4.638216202496468,6.656626151188083e-07,5.127236745027126,-0.05783423891420092,0.27983216427521196,-0.9688956640450079,0.20581404511644052,引き換え,0.0,7.995055913925171,ok
B,B_alpha1,0.5623413251903491,0.8,0.5,1.0,1.7782794100389228,P2 only,config,P2 only γ=3,0.2053525026457146,0,3.0,False,7.486557818972327e-07,1.102144122989006e-06,56.952862414513014,9.999988978558784,1.9026721437168586,0.9128196272248297,7.184519250499528,49.99994489279358,1.139058503696902,0.49999944892793924,4.5322177831593216,5.162461206513948,0.0,3.3116022805104337,5.127236745027126,6.656626151188083e-07,0.2053525026457146,0.006870067297162663,1.6557098114820432,1.1054328908314899,4.638216202496468,6.656626151188083e-07,5.127236745027126,0.030418502239534018,-0.02285327261805825,0.6557098114820432,0.006870067297162663,悪化,0.0,1.1719717979431152,ok
B,B_alpha1,0.5623413251903491,0.8,0.5,1.0,1.7782794100389228,P2 only,config,P2 only γ=10,0.2053525026457146,0,10.0,False,1.2181154384535168e-06,1.7920987921684308e-06,59.33029367330491,9.999982079012106,0.9536517347023282,1.3619795686132412,7.684386617672324,49.99991039506039,1.1866079999848618,0.4999991039506053,4.487002727802206,5.324313332763995,0.0,4.248246784462889,5.127236745027126,6.656626151188083e-07,0.2053525026457146,0.038437192885234284,2.692202853916582,1.1054328908314899,4.638216202496468,6.656626151188083e-07,5.127236745027126,0.07343286944566407,-0.03260164427282908,1.6922028539165819,0.038437192885234284,悪化,0.0,1.0794203281402588,ok
B,B_alpha1,3.1622776601683795,0.8,0.5,1.0,0.31622776601683794,P1 only (protect),config,P1 only (protect) n_target=10,0.3651741272548377,10,1.0,True,2.0233668951073325e-05,3.1843117344186586e-05,57.48742930196879,9.999681568826576,2.4941179739104586,0.8839162416367536,6.622284215626211,49.99840784413288,1.1497851987843792,0.4999840784413288,4.654658190276515,5.351857092580421,0.07057101553939454,2.5561514670336876,5.408110481689035,3.856556474924208e-05,0.3651741272548377,-0.010401671581798944,0.8256878267240307,1.1623178060691488,4.652867273864421,3.856556474924208e-05,5.408110481689035,-0.010782427335561229,0.00038490597446316777,-0.17431217327596926,-0.010401671581798944,改善,0.0,1.2643260955810547,ok
B,B_alpha1,3.1622776601683795,0.8,0.5,1.0,0.31622776601683794,P1 only (protect),config,P1 only (protect) n_target=20,0.3651741272548377,20,1.0,True,1.9102131165887087e-06,3.007771405613886e-06,52.71634794334511,9.999969922285954,5.107930680588934,1.0504814185108222,3.8416179786142894,49.99984961142971,1.0543301300509198,0.4999984961142977,5.307036561485468,5.595368548055959,0.14617956289565817,0.2672725218324758,5.408110481689035,3.856556474924208e-05,0.3651741272548377,0.034625414366246554,0.07799111526489436,1.1623178060691488,4.652867273864421,3.856556474924208e-05,5.408110481689035,-0.09290718549983612,0.1405948738954097,-0.9220088847351057,0.034625414366246554,引き換え,0.0,8.197338581085205,ok
B,B_alpha1,3.1622776601683795,0.8,0.5,1.0,0.31622776601683794,P2 only,config,P2 only γ=3,0.3651741272548377,0,3.0,False,3.376135388929361e-05,5.312160283411254e-05,59.89326983417547,9.99946878397163,1.3578350358739009,1.1957941588486125,7.446902021305858,49.997343919858146,1.197929032593806,0.49997343919858145,4.515506251314275,5.409256035308193,0.0,3.026654971049434,5.408110481689035,3.856556474924208e-05,0.3651741272548377,0.00021182141582287706,1.3774361449006531,1.1623178060691488,4.652867273864421,3.856556474924208e-05,5.408110481689035,0.03063811492752655,-0.029521801174453133,0.37743614490065314,0.00021182141582287706,悪化,0.0,1.0263304710388184,ok
B,B_alpha1,3.1622776601683795,0.8,0.5,1.0,0.31622776601683794,P2 only,config,P2 only γ=10,0.3651741272548377,0,10.0,False,4.054865036922475e-05,6.379729434702893e-05,61.40554107536866,9.99936202705652,0.6982009692389514,1.4562848301676066,7.846152173536923,49.99681013528267,1.2281891766537893,0.499968101352826,4.464599865627804,5.483373233054031,0.0,3.4365345793332,5.408110481689035,3.856556474924208e-05,0.3651741272548377,0.013916644569267334,1.6542554157276463,1.1623178060691488,4.652867273864421,3.856556474924208e-05,5.408110481689035,0.056672426629521766,-0.04046266466574966,0.6542554157276463,0.013916644569267334,悪化,0.0,1.1185564994812012,ok
B,B_alpha1,17.78279410038923,0.8,0.5,1.0,0.056234132519034905,P1 only (protect),config,P1 only (protect) n_target=10,0.4216965034285822,10,1.0,True,3.8216513944805904e-05,6.096484132760122e-05,57.14991953880871,9.999390351586703,1.5967307342375479,0.6682251618936113,7.735653752282138,49.99695175793357,1.1430680777401614,0.49996951757933517,4.371013373633508,4.996365854775791,0.023428469946807327,2.2173127753162634,5.021653572531828,6.95180836741443e-05,0.4216965034285822,-0.005035735219641402,0.8769637784229621,1.1487402307941805,4.371443985260369,6.95180836741443e-05,5.021653572531828,-0.004937716031846229,-9.850558037860502e-05,-0.12303622157703786,-0.005035735219641402,改善,0.0,1.2311394214630127,ok
B,B_alpha1,17.78279410038923,0.8,0.5,1.0,0.056234132519034905,P1 only (protect),config,P1 only (protect) n_target=20,0.4216965034285822,20,1.0,True,6.8217256088738746e-06,1.088307455283976e-05,53.60577122243233,9.999891169254473,3.125489087768758,0.4923699521354735,6.382249790841296,49.99945584627238,1.0721270924877238,0.49999455846272367,4.649953168751771,4.985340771017914,0.02756416708373866,0.4179901582605184,5.021653572531828,6.95180836741443e-05,0.4216965034285822,-0.007231243850141844,0.15655026688958454,1.1487402307941805,4.371443985260369,6.95180836741443e-05,5.021653572531828,-0.06669317940879493,0.06371102647785931,-0.8434497331104155,-0.007231243850141844,改善,0.0,8.12419581413269,ok
B,B_alpha1,17.78279410038923,0.8,0.5,1.0,0.056234132519034905,P2 only,config,P2 only γ=3,0.4216965034285822,0,3.0,False,4.750251437711525e-05,7.57766288187811e-05,58.252536631236055,9.999242233711804,1.0337613260149747,0.8219180351210026,8.145078405152217,49.99621116855905,1.1651390229319842,0.49996211168559024,4.301743987888824,5.012129786952322,0.0,2.4993181499487807,5.021653572531828,6.95180836741443e-05,0.4216965034285822,-0.0018965437264729657,1.090027584390456,1.1487402307941805,4.371443985260369,6.95180836741443e-05,5.021653572531828,0.014275457321161644,-0.015944387622615963,0.0900275843904561,-0.0018965437264729657,引き換え,0.0,1.025498390197754,ok
B,B_alpha1,17.78279410038923,0.8,0.5,1.0,0.056234132519034905,P2 only,config,P2 only γ=10,0.4216965034285822,0,10.0,False,4.99238439052904e-05,7.963875928208948e-05,59.02869555626282,9.999203612407202,0.7450238991496997,0.9689941982296838,8.286778290213414,49.996018062035965,1.1806679380549656,0.4999601806203601,4.291891464204639,5.067298645398198,0.0,2.772257325087742,5.021653572531828,6.95180836741443e-05,0.4216965034285822,0.00908964989461758,1.1455833514540528,1.1487402307941805,4.371443985260369,6.95180836741443e-05,5.021653572531828,0.0277936703224122,-0.018198224962727383,0.14558335145405277,0.00908964989461758,悪化,0.0,1.139296531677246,ok
B,B_alpha1,100.0,0.8,0.5,1.0,0.01,P1 only (protect),config,P1 only (protect) n_target=10,0.23713737056616552,10,1.0,True,2.679727062898643e-05,4.285313441381e-05,55.60669916422038,9.999571468655873,1.6833382421299774,0.398635428305448,7.918454860908701,49.99785734327942,1.1121816437538774,0.4999785734327936,4.2892587364851344,4.770434832029716,0.004720353670664755,1.7029018352125647,4.775501968031342,4.4930307594116314e-05,0.23713737056616552,-0.0010610687704762922,0.9537689971083501,1.1133527916759334,4.2892980587426965,4.4930307594116314e-05,4.775501968031342,-0.0010519108864792681,-9.167527419084998e-06,-0.04623100289164994,-0.0010610687704762922,改善,0.0,1.3088433742523193,ok
B,B_alpha1,100.0,0.8,0.5,1.0,0.01,P1 only (protect),config,P1 only (protect) n_target=20,0.23713737056616552,20,1.0,True,8.037203254549237e-06,1.2852871432741246e-05,53.55950981330665,9.999871471285692,2.8536629804456908,0.20497314459707897,6.941492403671539,49.99935735642838,1.071203964312964,0.4999935735642846,4.480569603112386,4.7996039212341515,0.004971029567712151,0.4216026451142561,4.775501968031342,4.4930307594116314e-05,0.23713737056616552,0.005046998904859601,0.286062395762996,1.1133527916759334,4.2892980587426965,4.4930307594116314e-05,4.775501968031342,-0.03785756651269767,0.044592737960895246,-0.713937604237004,0.005046998904859601,引き換え,0.0,8.077266931533813,ok
B,B_alpha1,100.0,0.8,0.5,1.0,0.01,P2 only,config,P2 only γ=3,0.23713737056616552,0,3.0,False,2.8831444392745532e-05,4.6106021956002096e-05,56.25109993404318,9.999538939780432,1.2956065743027299,0.5140424559714749,8.190812029945363,49.9976946989021,1.125073871361481,0.4999769469890216,4.245169629058606,4.776129429151148,0.0,1.9437492987455791,4.775501968031342,4.4930307594116314e-05,0.23713737056616552,0.00013139165767395156,1.026167511972247,1.1133527916759334,4.2892980587426965,4.4930307594116314e-05,4.775501968031342,0.01052773188622802,-0.010288030600751896,0.026167511972247093,0.00013139165767395156,悪化,0.0,0.9903357028961182,ok
B,B_alpha1,100.0,0.8,0.5,1.0,0.01,P2 only,config,P2 only γ=10,0.23713737056616552,0,10.0,False,2.939013012105389e-05,4.699942377011221e-05,56.962022881671494,9.999530005762285,1.049486901393219,0.6546448948937331,8.296338197950762,49.99765002881152,1.1392940037951125,0.49997650028811425,4.242508330260143,4.833464301716195,0.0,2.2030802695574176,4.775501968031342,4.4930307594116314e-05,0.23713737056616552,0.012137432687258976,1.0460516806314242,1.1133527916759334,4.2892980587426965,4.4930307594116314e-05,4.775501968031342,0.02330008269897066,-0.010908481490854771,0.046051680631424174,0.012137432687258976,悪化,0.0,1.1365547180175781,ok
B,B_alpha10,0.1,0.8,0.5,10.0,100.0,P1 only (protect),config,P1 only (protect) n_target=10,6.493816315762113,10,1.0,True,7.991140985785103e-15,8.268244106186338e-15,52.952136420043054,9.999999999999925,0.936428824122962,0.3895060496288349,8.674065126248278,49.99999999999959,1.0590427284008699,0.4999999999999963,4.117493590115672,4.3606016458491945,2.458224295055431,2.3046655955126094,4.261856400660688,8.614313667318556e-15,6.493816315762113,0.02316953831977986,0.959826217793165,1.0705827701271213,3.980875201414491,8.614313667318556e-15,4.261856400660688,-0.010779214880210719,0.034318681643835,-0.040173782206834985,0.02316953831977986,引き換え,0.0,1.3833234310150146,ok
B,B_alpha10,0.1,0.8,0.5,10.0,100.0,P1 only (protect),config,P1 only (protect) n_target=20,6.493816315762113,20,1.0,True,4.3343940298691066e-15,4.484694733493204e-15,52.001014378060994,9.99999999999995,7.362228262091272,2.359352290430706,0.278419447478071,49.99999999999977,1.0400202875612246,0.4999999999999975,6.307699623344764,6.560135576120849,18.153240663661947,4.248468191067255,4.261856400660688,8.614313667318556e-15,6.493816315762113,0.5392671548257406,0.5206096395708782,1.0705827701271213,3.980875201414491,8.614313667318556e-15,4.261856400660688,-0.028547519555417233,0.5845007201189079,-0.47939036042912175,0.5392671548257406,引き換え,0.0,8.228705406188965,ok
B,B_alpha10,0.1,0.8,0.5,10.0,100.0,P2 only,config,P2 only γ=3,6.493816315762113,0,3.0,False,8.876319250510036e-15,9.184117068889082e-15,53.85824284462937,9.999999999999902,0.2855276417980448,0.37142610886265665,9.343046249339396,49.99999999999954,1.0771648568925973,0.4999999999999951,3.963860398068082,4.26973111842724,0.0,3.09793191521133,4.261856400660688,8.614313667318556e-15,6.493816315762113,0.0018477201074469374,1.0661461172156148,1.0705827701271213,3.980875201414491,8.614313667318556e-15,4.261856400660688,0.0061481344078557765,-0.004274136335739254,0.06614611721561481,0.0018477201074469374,悪化,0.0,1.0770666599273682,ok
B,B_alpha10,0.1,0.8,0.5,10.0,100.0,P2 only,config,P2 only γ=10,6.493816315762113,0,10.0,False,9.58384705643162e-15,9.91617931398913e-15,54.241145276053544,9.999999999999881,0.13440033774721347,0.4479891167551691,9.417610545497737,49.99999999999946,1.0848229055210825,0.49999999999999406,3.9585540515092816,4.294330107820552,0.0,3.699347244050381,4.261856400660688,8.614313667318556e-15,6.493816315762113,0.007619615516569311,1.1511281916294342,1.0705827701271213,3.980875201414491,8.614313667318556e-15,4.261856400660688,0.013301293268777714,-0.005607096122299482,0.15112819162943425,0.007619615516569311,悪化,0.0,1.0574228763580322,ok
B,B_alpha10,0.5623413251903491,0.8,0.5,10.0,17.78279410038923,P1 only (protect),config,P1 only (protect) n_target=10,6.493816315762113,10,1.0,True,4.1987899198097313e-13,4.875323826683524e-13,53.006249648085124,9.99999999999509,0.9155201673310707,0.38456526425521737,8.699914568418622,49.99999999997557,1.0601249929622205,0.49999999999975453,4.110919211560712,4.358088200224057,1.5654642980162319,2.1609071950961853,4.27649143820258,5.073320845617009e-13,6.493816315762113,0.019080305245688267,0.9609728962629004,1.0718542419932957,3.989806888527786,5.073320845617009e-13,4.27649143820258,-0.010942951542798118,0.030355434841011997,-0.03902710373709961,0.019080305245688267,引き換え,0.0,1.445727825164795,ok
B,B_alpha10,0.5623413251903491,0.8,0.5,10.0,17.78279410038923,P1 only (protect),config,P1 only (protect) n_target=20,6.493816315762113,20,1.0,True,2.380945483361225e-13,2.764577528994833e-13,52.00347360372838,9.99999999999722,6.717070191259144,2.0003096193992214,1.2826201893444145,49.99999999998615,1.0400694720748558,0.499999999999861,6.027166841006441,6.268672234432645,6.682245508870536,2.8103261084938174,4.27649143820258,5.073320845617009e-13,6.493816315762113,0.4658446824968703,0.5449246387370184,1.0718542419932957,3.989806888527786,5.073320845617009e-13,4.27649143820258,-0.02965400394304618,0.5106412439000092,-0.45507536126298165,0.4658446824968703,引き換え,0.0,7.9771013259887695,ok
B,B_alpha10,0.5623413251903491,0.8,0.5,10.0,17.78279410038923,P2 only,config,P2 only γ=3,6.493816315762113,0,3.0,False,4.599088327526809e-13,5.340120685099884e-13,53.9035363620092,9.999999999994628,0.2878920481760089,0.38010115390084753,9.332006797928516,49.999999999973255,1.0780707272407606,0.49999999999973144,3.96765542320555,4.277413167535955,0.0,3.0859479437000856,4.27649143820258,5.073320845617009e-13,6.493816315762113,0.00021553400648510745,1.0525887968850565,1.0718542419932957,3.989806888527786,5.073320845617009e-13,4.27649143820258,0.005799748700816121,-0.0055520144059929555,0.052588796885056466,0.00021553400648510745,悪化,0.0,1.1345329284667969,ok
B,B_alpha10,0.5623413251903491,0.8,0.5,10.0,17.78279410038923,P2 only,config,P2 only γ=10,6.493816315762113,0,10.0,False,4.839926129367848e-13,5.619763700071208e-13,54.19657734627846,9.99999999999439,0.14962034848180886,0.4386780581164192,9.41170159340738,49.9999999999717,1.0839315469261828,0.4999999999997195,3.958486731461816,4.290728646320176,0.0,3.5341850238767627,4.27649143820258,5.073320845617009e-13,6.493816315762113,0.003329179614487865,1.1077091063393492,1.0718542419932957,3.989806888527786,5.073320845617009e-13,4.27649143820258,0.011267674707735598,-0.007850043358245573,0.10770910633934916,0.003329179614487865,悪化,0.0,1.3307299613952637,ok
B,B_alpha10,3.1622776601683795,0.8,0.5,10.0,3.162277660168379,P1 only (protect),config,P1 only (protect) n_target=10,10.0,10,1.0,True,1.2668129087664442e-09,1.7906481352529606e-09,53.28415742779426,9.999999982093517,0.6977060637625765,0.41034388362574853,8.89195007051816,49.99999991046763,1.065683150464148,0.49999999910467585,4.071475202145201,4.338902520458752,0.6787625417401669,2.3030033908839833,4.30405787939049,1.8614968392490391e-09,10.0,0.00809576498381026,0.9619399278568422,1.0788269334456797,3.9895721416999685,1.8614968392490391e-09,4.30405787939049,-0.012183402707190094,0.0205292842280409,-0.038060072143157764,0.00809576498381026,引き換え,0.0,1.3981807231903076,ok
B,B_alpha10,3.1622776601683795,0.8,0.5,10.0,3.162277660168379,P1 only (protect),config,P1 only (protect) n_target=20,10.0,20,1.0,True,8.026304918800873e-10,1.1345233267518388e-09,52.13154885490915,9.999999988654755,4.796662144959972,1.2218875238403364,3.981450342544936,49.99999994327386,1.0426309782810714,0.49999999943273776,5.301274686905135,5.527273212944581,1.5068037128482565,0.801685622158791,4.30405787939049,1.8614968392490391e-09,10.0,0.2842004842479755,0.6094683068113753,1.0788269334456797,3.9895721416999685,1.8614968392490391e-09,4.30405787939049,-0.033551215716316585,0.3287827613129075,-0.3905316931886247,0.2842004842479755,引き換え,0.0,7.818376541137695,ok
B,B_alpha10,3.1622776601683795,0.8,0.5,10.0,3.162277660168379,P2 only,config,P2 only γ=3,10.0,0,3.0,False,1.342239447683579e-09,1.8972640295933817e-09,54.15644565785578,9.999999981027353,0.21008763082197907,0.42485467839047675,9.365057709760192,49.99999990513674,1.0831289152120984,0.4999999990513676,3.9669301033097835,4.296696699520143,0.0,3.299134057783608,4.30405787939049,1.8614968392490391e-09,10.0,-0.0017102883085273746,1.019214209549113,1.0788269334456797,3.9895721416999685,1.8614968392490391e-09,4.30405787939049,0.003987647724624788,-0.005675304916415769,0.019214209549113015,-0.0017102883085273746,引き換え,0.0,1.382295846939087,ok
B,B_alpha10,3.1622776601683795,0.8,0.5,10.0,3.162277660168379,P2 only,config,P2 only γ=10,10.0,0,10.0,False,1.358976832953047e-09,1.920922430522605e-09,54.287222506844095,9.999999980790754,0.12838841493316563,0.4509304133897774,9.420681190886302,49.9999999039538,1.0857444522225146,0.49999999903953773,3.958303695351939,4.297706277440247,0.0,3.499461884654493,4.30405787939049,1.8614968392490391e-09,10.0,-0.0014757241022842482,1.0319235520687424,1.0788269334456797,3.9895721416999685,1.8614968392490391e-09,4.30405787939049,0.006412074599158268,-0.007837543786012535,0.03192355206874242,-0.0014757241022842482,引き換え,0.0,1.2622528076171875,ok
B,B_alpha10,17.78279410038923,0.8,0.5,10.0,0.5623413251903491,P1 only (protect),config,P1 only (protect) n_target=10,11.547819846894582,10,1.0,True,5.505751187119478e-07,8.569765074904234e-07,53.69330508168551,9.999991430234902,0.5185145571801743,0.3618363625890118,9.119657649995913,49.99995715117457,1.0738670219125213,0.49999957151174507,4.012810675471096,4.309225049566918,0.1987311520781835,2.49855895028423,4.301802484668387,8.768566291267318e-07,11.547819846894582,0.001725454603038079,0.9773279679072425,1.0830343740158543,3.971990721510944,8.768566291267318e-07,4.301802484668387,-0.008464507058387083,0.010276950985581346,-0.022672032092757477,0.001725454603038079,引き換え,0.0,1.3700087070465088,ok
B,B_alpha10,17.78279410038923,0.8,0.5,10.0,0.5623413251903491,P1 only (protect),config,P1 only (protect) n_target=20,11.547819846894582,20,1.0,True,4.045068586652751e-07,6.29619580015034e-07,52.56315537670578,9.999993703804181,3.6078999691104854,0.40625962865111753,5.985846698434216,49.999968519020946,1.0512637694303697,0.49999968519020904,4.7264420661682385,4.968737302474287,0.2771098050714451,0.41192057785492103,4.301802484668387,8.768566291267318e-07,11.547819846894582,0.1550361319895217,0.7180416491143792,1.0830343740158543,3.971990721510944,8.768566291267318e-07,4.301802484668387,-0.029334807230245397,0.18994287689833822,-0.2819583508856208,0.1550361319895217,引き換え,0.0,8.048938751220703,ok
B,B_alpha10,17.78279410038923,0.8,0.5,10.0,0.5623413251903491,P2 only,config,P2 only γ=3,11.547819846894582,0,3.0,False,5.652271677201098e-07,8.79782590365999e-07,54.29619579694622,9.999991202174114,0.19487878752366083,0.4001112856570582,9.405018724645167,49.99995601087033,1.085924871316724,0.49999956010870567,3.9541928492946514,4.293956361031804,0.0,3.124044962409171,4.301802484668387,8.768566291267318e-07,11.547819846894582,-0.0018239153621176785,1.0033368753135632,1.0830343740158543,3.971990721510944,8.768566291267318e-07,4.301802484668387,0.0026688878674754335,-0.0044808443584485325,0.0033368753135631923,-0.0018239153621176785,引き換え,0.0,1.1882448196411133,ok
B,B_alpha10,17.78279410038923,0.8,0.5,10.0,0.5623413251903491,P2 only,config,P2 only γ=10,11.547819846894582,0,10.0,False,5.662273755510253e-07,8.813394253637302e-07,54.37005260752931,9.999991186605742,0.14196405505645698,0.4147781145387513,9.44326664379905,49.99995593302882,1.0874020105208473,0.4999995593302871,3.9477703490963827,4.292813414681993,0.0,3.2248377356306834,4.301802484668387,8.768566291267318e-07,11.547819846894582,-0.002089605466180866,1.0051123480031883,1.0830343740158543,3.971990721510944,8.768566291267318e-07,4.301802484668387,0.004032777361255846,-0.006097791790749096,0.005112348003188272,-0.002089605466180866,引き換え,0.0,1.107743740081787,ok
B,B_alpha10,100.0,0.8,0.5,10.0,0.1,P1 only (protect),config,P1 only (protect) n_target=10,7.498942093324558,10,1.0,True,5.260808537992551e-06,8.374264726069665e-06,54.08149950687183,9.999916257352742,0.4522764166981923,0.2841007956486408,9.263706530300425,49.9995812867637,1.0816390480691631,0.4999958128676371,3.968612863877572,4.292606640239572,0.04538013367031329,2.2686755221447426,4.290568438145614,8.432155054944699e-06,7.498942093324558,0.0004750424386281704,0.9931345749102317,1.0846295185897668,3.955791691640666,8.432155054944699e-06,4.290568438145614,-0.0027571354728496145,0.00324111410214023,-0.0068654250897682845,0.0004750424386281704,引き換え,0.0,1.3439056873321533,ok
B,B_alpha10,100.0,0.8,0.5,10.0,0.1,P1 only (protect),config,P1 only (protect) n_target=20,7.498942093324558,20,1.0,True,4.204789903613002e-06,6.693272244399736e-06,53.06257687607381,9.99993306727756,2.6444394724284805,0.1603099729924679,7.195317487301491,49.9996653363878,1.0612586408144806,0.499996653363878,4.416601989986921,4.68715702491205,0.049698074099173074,0.35523439331448564,4.290568438145614,8.432155054944699e-06,7.498942093324558,0.09243264441152732,0.7937795499235673,1.0846295185897668,3.955791691640666,8.432155054944699e-06,4.290568438145614,-0.02154733701667355,0.11649003139372427,-0.20622045007643275,0.09243264441152732,引き換え,0.0,8.022670269012451,ok
B,B_alpha10,100.0,0.8,0.5,10.0,0.1,P2 only,config,P2 only γ=3,7.498942093324558,0,3.0,False,5.300395370754525e-06,8.437279871901584e-06,54.372247131034726,9.999915627201274,0.27484385645583825,0.3177804158367736,9.407460100506114,49.99957813600635,1.0874541177754353,0.4999957813600637,3.9412488341516045,4.285927273875796,0.0,2.525051887040524,4.290568438145614,8.432155054944699e-06,7.498942093324558,-0.0010817131428451088,1.0006077707209475,1.0846295185897668,3.955791691640666,8.432155054944699e-06,4.290568438145614,0.0026042064476921034,-0.0036763456275499262,0.0006077707209475314,-0.0010817131428451088,引き換え,0.0,1.0777156352996826,ok
B,B_alpha10,100.0,0.8,0.5,10.0,0.1,P2 only,config,P2 only γ=10,7.498942093324558,0,10.0,False,5.302202545146699e-06,8.440156569781187e-06,54.45139170620466,9.999915598434274,0.22463473949593596,0.3335558637629092,9.44189379830688,49.99957799217148,1.0890370257671016,0.49999577992171373,3.935853501970306,4.286290191640774,0.0,2.5989337798556296,4.290568438145614,8.432155054944699e-06,7.498942093324558,-0.0009971281350052985,1.0009489288069715,1.0846295185897668,3.955791691640666,8.432155054944699e-06,4.290568438145614,0.004063606145502607,-0.0050402526787477475,0.0009489288069715052,-0.0009971281350052985,引き換え,0.0,1.1033117771148682,ok
