case,series,rho,delta,sigma,alpha,beta,n_target,gamma,protect,E_B,E_S,E_I,Cost,ERP,P_block_arrival_stable,E_B_F0,E_S_F0,E_I_F0,Cost_F0,P_arr_contrib_F0,P_time_F0,mass_F0,E_B_F1,E_S_F1,E_I_F1,Cost_F1,P_arr_contrib_F1,P_time_F1,mass_F1,csv_max_relerr,min_pi,check
実験7 C1,Base,0.5,0.6,0.02,0.1,0.0024230553172571757,0,1.0,False,9.993439066561928,0.1944032084327005,8.023061093494105,5.6403312445116285,6.215080594625547,0.0006560933438062573,2.126952064278718,0.0019535269954697935,6.492867410647595,2.2651388976404387,3.0075831333212953e-07,7.518957833303189e-07,0.5000000000000001,7.86648700228322,0.19244968143723093,1.5301936828465148,3.3751923468711946,0.0006557925854929252,0.00040987036593307557,0.4999999999999999,3.6637359812630166e-15,0.0,ok
実験7 C1,P1 only (protect),0.5,0.6,0.02,0.1,0.00632455532033676,20,1.0,True,9.984553782013013,0.36232335021515427,7.5130709453075735,5.58507751258519,6.143247729894582,0.0015446217986999394,2.1262717284181956,0.004841168403808162,5.728835180713732,2.093612297693986,8.144205868006466e-07,2.036051467001603e-06,0.5000000000000003,7.858282053594806,0.3574821818113466,1.784235764593841,3.4914652148912,0.0015438073781131388,0.0009648796113207054,0.4999999999999997,0.0,0.0,ok
実験7 C2,Base,0.7,0.6,0.02,0.1,0.047427474113233115,0,1.0,False,12.198146712778719,1.0063079004057878,2.1217826148683976,5.443259541988043,9.549380371724567,0.1287038062300924,3.0829242943387003,0.20490791938018071,2.0997107440122975,1.7098287030342711,6.377800083687828e-05,0.00015944500209219467,0.5000000000000003,9.115222418440013,0.8013999810256084,0.022071870856101447,3.7334308389537703,0.1286400282292555,0.08040001764328417,0.4999999999999997,2.6645352591003757e-15,0.0,ok
実験7 C2,P1 only (protect),0.7,0.6,0.02,0.1,0.04308869380063769,20,1.0,True,12.274850315754662,0.9614508777100347,2.2576008561432332,5.485872184654497,9.51927846521473,0.12322497744609684,3.0821997468894318,0.1803724736954487,2.2313298290230494,1.7300231369651549,5.84457154913546e-05,0.00014611428872838555,0.5000000000000002,9.192650568865224,0.7810784040145866,0.02627102712018522,3.755849047689339,0.12316653173060549,0.07697908233162794,0.49999999999999983,0.0,0.0,ok
実験7 C3,Base,0.5,0.6,1.0,0.1,0.005623413251903491,0,1.0,False,9.999332199904295,0.33343354881048376,5.9293801446589125,5.222510274275097,5.679079155280497,6.678000956844874e-05,4.089999590859569,0.07218680074112963,3.867092791035377,2.437268568058119,1.4235379644991826e-06,3.5588449112479563e-06,0.5,5.909332609044747,0.26124674806935366,2.0622873536235335,2.7852417062169854,6.535647160394957e-05,4.084779475246848e-05,0.5,5.329070518200751e-15,0.0,ok
実験7 C3,P1 only (protect),0.5,0.6,1.0,0.1,0.006812920690579615,15,1.0,True,9.999537554960686,0.3553599292068683,5.8994445112919,5.2240782445106335,5.663222209648095,4.624450393260636e-05,4.0861402627628465,0.06884668310949535,3.8536657449746565,2.4315327399864257,9.501457687802962e-07,2.3753644219507404e-06,0.5000000000000001,5.913397292197829,0.2865132460973722,2.0457787663172398,2.7925455045242034,4.5294358163826055e-05,2.8308973852391283e-05,0.5,0.0,0.0,ok
実験7 C4,Base,0.5,0.6,0.001,0.005,6.812920690579608e-05,0,1.0,False,9.994469007429625,0.11960139238836329,8.777541807710996,5.782796290241475,6.289068176090253,0.0005530992570376723,2.0064560416589248,6.530003707748612e-05,7.136606930903642,2.3643447783795537,1.2833829434515904e-08,3.208457358630153e-08,0.5000000000000001,7.988012965770697,0.11953609235128583,1.640934876807353,3.41845151186192,0.0005530864232082379,0.00034567901450527545,0.4999999999999999,6.439293542825908e-15,0.0,ok
実験7 C4,P1 only (protect),0.5,0.6,0.001,0.005,0.00012115276586285888,20,1.0,True,9.989848897715525,0.16911740111448328,8.827018239641372,5.8108375396783245,6.275711744064621,0.0010151102284468977,2.0063755836572303,9.842073689697052e-05,6.9795105340772565,2.328887918533524,2.6818934449846684e-08,6.704733612464129e-08,0.5000000000000002,7.983473314058296,0.16901898037758636,1.8475077055641131,3.4819496211448002,0.0010150834095124476,0.0006344271309455124,0.4999999999999998,0.0,0.0,ok
実験7 C5,Base,0.5,0.6,2.0,10.0,11.246826503806982,0,1.0,False,9.999999854364225,0.3924568269289306,0.3489489473284633,3.986074558162534,4.30698716513105,1.4563576201239526e-08,4.490451293828739,0.08712015447992989,0.23659310165095904,1.7744478777503299,4.3671570868533785e-10,1.0917892717133446e-09,0.49999999999999994,5.5095485605355,0.30533667244900115,0.11235584567750448,2.2116266804122096,1.4126860492554187e-08,8.829287807846367e-09,0.5000000000000001,5.10702591327572e-15,0.0,ok
実験7 C5,P1 only (protect),0.5,0.6,2.0,10.0,11.246826503806982,5,1.0,True,9.999999854517805,0.3910696450215613,0.3541131611510016,3.986717990234543,4.305040429910458,1.454822131109377e-08,4.4886299767162665,0.08665082218403297,0.23744051559902715,1.7737778058034879,4.362552639676985e-10,1.0906381599192462e-09,0.5,5.511369877801521,0.30441882283752786,0.1166726455519746,2.2129401844310483,1.4111966047126073e-08,8.819978779453795e-09,0.5,0.0,0.0,ok
実験8 B_alpha1 r1=3.16,Base,0.5,0.6,0.31622776601683794,1.0,0.3651741272548377,0,1.0,False,9.999614344352507,0.8988438815308915,2.4614117333225822,4.652867273864415,5.408110481689049,3.856556474924209e-05,3.3505381855387317,0.1022645165448417,1.928291251889508,1.7331841268606323,2.154620989493914e-07,5.386552473734781e-07,0.5,6.649076158813777,0.7965793649860502,0.533120481433076,2.919683147003784,3.8350102650292696e-05,2.3968814156432913e-05,0.5,2.6645352591003757e-15,0.0,ok
実験8 B_alpha1 r1=3.16,P1 only (protect),0.5,0.6,0.31622776601683794,1.0,1.1006941712522096,15,1.0,True,9.999778446167445,1.2760424205968117,1.5713157139869296,4.593953098772909,5.202919937542539,2.2155383254587995e-05,3.2812023361575426,0.1895186086047517,1.0232268410824443,1.5357493574378338,1.222404655695417e-07,3.05601163923854e-07,0.49999999999999983,6.718576110009913,1.0865238119920562,0.5480888729044837,3.058203741335077,2.2033142789018454e-05,1.3770714243136522e-05,0.5000000000000001,0.0,0.0,ok
実験8 B_alpha0.005 r1=17.8,Base,0.5,0.6,0.00028117066259517455,0.005,0.0007699632630297459,0,1.0,False,9.888532636376803,0.5429631066925373,3.5259026810968814,4.717435103502494,5.629089940591412,0.011146736362305894,2.002024677140131,0.08817653777674936,2.316892978320388,1.3085371059777882,4.555244440460825e-07,1.1388111101165164e-06,0.5000000000000002,7.886507959236682,0.4547865689157879,1.209009702776492,3.4088979975247087,0.011146280837861853,0.006966425523671672,0.49999999999999994,3.885780586188048e-15,0.0,ok
実験8 B_alpha0.005 r1=17.8,P1 only (protect),0.5,0.6,0.00028117066259517455,0.005,0.0015811388300841895,20,1.0,True,9.874054220777149,0.5351233013600019,3.484278546655186,4.699653993555976,5.465603063583393,0.012594577922269689,2.0018537889518186,0.1993938185142512,1.692208461326286,1.209366997828767,2.230838384351306e-06,5.577095960884681e-06,0.5000000000000012,7.872200431825328,0.335729482845752,1.792070085328895,3.490286995727207,0.012592347083885338,0.007870216927437392,0.4999999999999987,0.0,0.0,ok
実験8 B_alpha0.02 r1=17.8,Base,0.5,0.6,0.0011246826503806982,0.02,0.0030798530521189845,0,1.0,False,9.895145776459525,0.5405442403001696,3.5101950070524714,4.715468603752263,5.623506868818425,0.010485422354046153,2.008101210325309,0.08731388171893513,2.309171409060659,1.3087555261339707,5.181033362749818e-07,1.2952583406877175e-06,0.5,7.8870445661342075,0.4532303585812336,1.2010235979918082,3.4067130776182877,0.010484904250709878,0.0065530651566950045,0.5,3.552713678800501e-15,0.0,ok
実験8 B_alpha0.02 r1=17.8,P1 only (protect),0.5,0.6,0.0011246826503806982,0.02,0.00632455532033676,20,1.0,True,9.883289426283293,0.5310083893358042,3.467300615481898,4.697749103961798,5.4643175840430125,0.011671057371669558,2.0075149445124434,0.19488751962994388,1.6791959669586105,1.2068657382625136,6.985873502820401e-07,1.7464683757054546e-06,0.5000000000000012,7.875774481770829,0.3361208697058611,1.788104648523287,3.4908833656992773,0.011670358784319278,0.007293974240201029,0.4999999999999989,0.0,0.0,ok
