burst_name,delta,sigma,alpha,beta,rho,n_target,gamma,P_block_arrival,P_block_arrival_stable,E_W,Cost,ERP,E_N,lambda_eff,E_B,E_S,E_I,E_off,N_states
strong,0.9,0.01,0.1,0.005,0.7,0,5.0,0.26789729197515444,0.2678972919751712,1.9724787889469397,4.692124621735278,9.25511629146852,101.0839944036726,51.2471895617387,10.249437912347739,0.6549479469074021,2.625554667679712,6.470059473065147,92862
strong,0.9,0.01,0.1,0.005,0.7,1,5.0,0.2678972918832365,0.2678972918832508,1.9724787886614594,4.692124622271162,9.255116291186031,101.08399440173397,51.247189568172956,10.249437913634587,0.6549479469477297,2.6255546678432515,6.470059471574432,92862
strong,0.9,0.01,0.1,0.005,0.7,3,5.0,0.26789479908689184,0.26789479908690544,1.9724710508851535,4.692139502515634,9.255109335426754,101.08394205024858,51.24736406391708,10.249472812783416,0.6549492972908927,2.6255602140623386,6.470017675863352,92862
strong,0.9,0.01,0.1,0.005,0.7,4,5.0,0.26788541204119254,0.2678854120412072,1.9724419121181616,4.692196024270169,9.255084098144687,101.08374484341395,51.248021157116035,10.249604231423202,0.6549547531867359,2.625582642855668,6.469858372534394,92862
strong,0.9,0.01,0.1,0.005,0.7,6,5.0,0.2678420536531043,0.26784205365312713,1.9723073183547977,4.692459295638634,9.254971809870076,101.08283330401116,51.25105624428221,10.250211248856449,0.6549817007519714,2.6256930796179776,6.469113970773602,92862
strong,0.9,0.01,0.1,0.005,0.7,7,5.0,0.2678066899983039,0.2678066899983275,1.9721975615028613,4.692675571421387,9.254883318881305,101.08209023738279,51.25353170011824,10.250706340023648,0.6550048833390467,2.6257880102730695,6.468500766364237,92862
strong,0.9,0.01,0.1,0.005,0.7,9,5.0,0.26770508141760496,0.2677050814176398,1.9718822801440923,4.69330200169724,9.254639052511585,101.07995616545202,51.26064430076716,10.25212886015345,0.6550753090943046,2.6260766447837183,6.466719185968528,92862
strong,0.9,0.01,0.1,0.005,0.7,10,5.0,0.2676376352202743,0.267637635220309,1.9716730401002909,4.6937208994004935,9.254482955103242,101.07853911541864,51.26536553458031,10.253073106916071,0.6551243768445265,2.6262780354282325,6.465524480811171,92862
strong,0.9,0.01,0.1,0.005,0.7,11,5.0,0.2675583967342817,0.2675583967343261,1.9714272339945265,4.694215492365917,9.254304263889193,101.07687267920463,51.27091222859979,10.254182445719966,0.6551838554657612,2.626522467711527,6.464111231102746,92862
strong,0.9,0.01,0.1,0.005,0.7,13,5.0,0.2673627624897167,0.2673627624897745,1.9708203426380633,4.695445620957576,9.253879747534004,101.07274600215848,51.28460662571934,10.256921325143878,0.6553373741332792,2.627154791936411,6.460586508786433,92862
strong,0.9,0.01,0.1,0.005,0.7,14,5.0,0.2672455860058447,0.26724558600590415,1.970456777999417,4.6961874091429125,9.253634311101173,101.07026311646324,51.29280897959038,10.258561795918085,0.6554329899264599,2.6275495574280585,6.458455656727396,92862
strong,0.9,0.01,0.1,0.005,0.7,16,5.0,0.26697083953212086,0.26697083953219913,1.9696039641931427,4.697938321189229,9.253077940949183,101.06439982286845,51.31204123275105,10.262408246550237,0.6556656127608038,2.628512649455929,6.4534134912330305,92862
strong,0.9,0.01,0.1,0.005,0.7,17,5.0,0.2668126984758572,0.2668126984759309,1.9691127918054627,4.698952373517516,9.252767226777982,101.06099459543533,51.32311110668951,10.264622221337921,0.6558039902234689,2.6290872142785284,6.450486574160082,92862
strong,0.9,0.01,0.1,0.005,0.7,19,5.0,0.2664537075793286,0.266453707579429,1.9679967583072864,4.701268366370979,9.252080904950677,101.05317078865374,51.34824046944651,10.26964809388934,0.6561280337098494,2.630437159406687,6.443786712994122,92862
strong,0.9,0.01,0.1,0.005,0.7,20,5.0,0.26625252380197983,0.2662525238020753,1.9673706122009782,4.702573686901385,9.251705273319388,101.04872550140254,51.36232333386092,10.272464666772205,0.6563148098096686,2.631217880809852,6.440002642608275,92862
strong,0.9,0.01,1.0,0.005,0.7,0,5.0,0.23046965032721534,0.23046965032723424,1.858723427978834,4.7202388852410095,8.77361860165416,100.12408626342749,53.867124477094414,10.77342489541888,0.07108914303692442,2.8499676271007117,6.305518334443482,92862
strong,0.9,0.01,1.0,0.005,0.7,1,5.0,0.2304696502958452,0.2304696502958634,1.8587234278347742,4.720238885400712,8.773618601271005,100.12408625974898,53.86712447929032,10.773424895858057,0.07108914303617953,2.8499676270779366,6.305518334027828,92862
strong,0.9,0.01,1.0,0.005,0.7,3,5.0,0.2304686050221405,0.23046860502216004,1.8587185696582422,4.720244512029317,8.773606127836299,100.12396056462416,53.86719764844965,10.773439529689929,0.0710891398004497,2.8499681848073664,6.3055031457022555,92862
strong,0.9,0.01,1.0,0.005,0.7,4,5.0,0.23046230321389372,0.23046230321391264,1.8586891540891641,4.72027972124313,8.773532722141628,100.12319594753545,53.867638775026926,10.773527755005386,0.07108923010308496,2.849977069622705,6.305405945268824,92862
strong,0.9,0.01,1.0,0.005,0.7,6,5.0,0.23042822981135258,0.2304282298113721,1.858529843625319,4.720476828871445,8.773147062599389,100.11904711950072,53.870023913204804,10.774004782640965,0.07109040778518448,2.850053811262221,6.304850998311629,92862
strong,0.9,0.01,1.0,0.005,0.7,7,5.0,0.23040021349126882,0.2304002134912891,1.8583988543214864,4.720643153319764,8.772837827790019,100.11563530737111,53.87198505561067,10.774397011122138,0.0710918098842764,2.850135053273102,6.304376125720484,92862
strong,0.9,0.01,1.0,0.005,0.7,9,5.0,0.2303200204993252,0.23032002049934125,1.8580237246180487,4.721132302841734,8.771975825740583,100.10585635930414,53.87759856504672,10.77551971300934,0.07109701163957616,2.850423545171882,6.302959730179202,92862
strong,0.9,0.01,1.0,0.005,0.7,10,5.0,0.23026700001341027,0.23026700001342706,1.8577753833695176,4.721463471593226,8.771418611004279,100.09937133995695,53.88130999906077,10.776261999812156,0.07110109664347557,2.8506476168406,6.301989286703767,92862
strong,0.9,0.01,1.0,0.005,0.7,11,5.0,0.23020489635477315,0.23020489635479496,1.8574840693191075,4.721857545916848,8.77077516913476,100.09174991625925,53.88565725516536,10.777131451033073,0.07110635382700692,2.8509366457681957,6.300825549371725,92862
strong,0.9,0.01,1.0,0.005,0.7,13,5.0,0.23005236978426924,0.23005236978428878,1.8567663774950147,4.722849018523371,8.769227263579525,100.0729010551564,53.896334115100636,10.779266823020127,0.07112093629809356,2.8517484475012296,6.29786379318055,92862
strong,0.9,0.01,1.0,0.005,0.7,14,5.0,0.2299615399114352,0.22996153991145588,1.8563374124419534,4.723453559385428,8.76832355821928,100.06158417371054,53.90269220619902,10.780538441239809,0.07113054881188115,2.852292907893125,6.296038102055185,92862
strong,0.9,0.01,1.0,0.005,0.7,16,5.0,0.22975008768892202,0.22975008768894517,1.8553342326332596,4.724898274606975,8.766265514588143,100.0349720995447,53.91749386177494,10.783498772354996,0.07115519381732048,2.8537221678702243,6.29162386595746,92862
strong,0.9,0.01,1.0,0.005,0.7,17,5.0,0.22962933728011536,0.22962933728014287,1.8547586250991677,4.72574598310419,8.765118122190241,100.0196141842138,53.92594639039141,10.785189278078285,0.07117057029951657,2.8546368038685745,6.289003347753624,92862
strong,0.9,0.01,1.0,0.005,0.7,19,5.0,0.22935780334765943,0.2293578033476901,1.8534576386353685,4.727712310052651,8.76261449433755,99.98468662280048,53.94495376566333,10.788990753132659,0.07120839383636718,2.856954424770986,6.2828464282599885,92862
strong,0.9,0.01,1.0,0.005,0.7,20,5.0,0.22920717855907213,0.22920717855910264,1.8527324417566164,4.728839416837813,8.761274199432854,99.96510063096959,53.95549750086444,10.79109950017289,0.07123126211878303,2.858398039041927,6.2792711986664,92862
strong,0.9,0.01,10.0,0.005,0.7,0,5.0,0.2270365910987785,0.22703659109879917,1.8418671127124802,4.730907113062139,8.713702224846697,99.65871175296928,54.10743862308499,10.821487724616995,0.007288756793774818,2.923487648196353,6.2477358703928765,92862
strong,0.9,0.01,10.0,0.005,0.7,1,5.0,0.22703659109367202,0.22703659109369526,1.8418671126641761,4.730907113088749,8.713702224667188,99.65871175101405,54.10743862344244,10.821487724688483,0.007288756793693269,2.923487648195299,6.247735870322525,92862
strong,0.9,0.01,10.0,0.005,0.7,3,5.0,0.22703640993241703,0.2270364099324379,1.8418654631957185,4.7309087726670676,8.713697477905116,99.65864585972685,54.10745130473029,10.821490260946058,0.0072887564014683685,2.92349077843123,6.247730204221243,92862
strong,0.9,0.01,10.0,0.005,0.7,4,5.0,0.22703497624956404,0.22703497624958635,1.8418526592140445,4.7309259330938955,8.713668510413676,99.65813791319218,54.10755166253,10.821510332506001,0.007288774617400817,2.9235333652394604,6.247667527637137,92862
strong,0.9,0.01,10.0,0.005,0.7,6,5.0,0.22702658031361467,0.22702658031363618,1.8417796678023708,4.731063890370982,8.71357728035926,99.65527096910279,54.10813937804646,10.82162787560929,0.007289098270399289,2.923948465927695,6.247134560192616,92862
strong,0.9,0.01,10.0,0.005,0.7,7,5.0,0.22702032514373482,0.22702032514375303,1.8417266366845186,4.731194728509581,8.713567354837474,99.65320797589558,54.10857723993804,10.821715447987609,0.00728948314165743,2.9243818576502294,6.246613211220505,92862
strong,0.9,0.01,10.0,0.005,0.7,9,5.0,0.22700467366560306,0.22700467366562954,1.8415980064565693,4.731618388227426,8.713738991072875,99.64826563843599,54.10967284340727,10.821934568681456,0.007290888652688374,2.925892338151566,6.244882204514289,92862
strong,0.9,0.01,10.0,0.005,0.7,10,5.0,0.22699546399957726,0.226995463999602,1.8415247098967882,4.73192737049985,8.713961178212408,99.64548677349464,54.11031752002908,10.822063504005818,0.0072919809106994265,2.927045300640715,6.243599214442767,92862
strong,0.9,0.01,10.0,0.005,0.7,11,5.0,0.22698534289229721,0.2269853428923281,1.8414459669426797,4.732311896301882,8.714296655759965,99.64253059029808,54.111025997538675,10.822205199507733,0.0072933782533270855,2.9285113615763207,6.241990060662619,92862
strong,0.9,0.01,10.0,0.005,0.7,13,5.0,0.2269620757313512,0.22696207573137897,1.8412712012898704,4.733341848616883,8.715366031718423,99.63607272225245,54.1126546988049,10.82253093976098,0.007297226501837319,2.932527681726814,6.237644152010368,92862
strong,0.9,0.01,10.0,0.005,0.7,14,5.0,0.2269487007497304,0.22694870074975942,1.8411741640390202,4.734006078215246,8.716129683613596,99.6325455759466,54.113590947518354,10.822718189503664,0.00729975194085973,2.9351558265108726,6.234826232044604,92862
strong,0.9,0.01,10.0,0.005,0.7,16,5.0,0.22691773019578387,0.22691773019581774,1.8409574712566616,4.735687125348823,8.7181985949449,99.62481063444815,54.115758886294614,10.823151777258923,0.007306217934153523,2.941874250031608,6.2276677547753145,92862
strong,0.9,0.01,10.0,0.005,0.7,17,5.0,0.22689978373009478,0.22689978373012684,1.8408363039794107,4.736729065858234,8.719542826546318,99.62056613067732,54.117015138892846,10.823403027778571,0.007310256751795927,2.946067544109204,6.223219171360429,92862
strong,0.9,0.01,10.0,0.005,0.7,19,5.0,0.2268579983302873,0.2268579983303186,1.8405644270324506,4.7392876763432765,8.722964306550717,99.61123657225461,54.11994011687937,10.823988023375879,0.007320225910997982,2.9564178980105194,6.212273852702603,92862
strong,0.9,0.01,10.0,0.005,0.7,20,5.0,0.22683382031633958,0.22683382031637023,1.8404126062961308,4.74083408617583,8.725090816556394,99.60613486961302,54.12163257785571,10.824326515571139,0.007326271026657184,2.9626986873007,6.205648526101504,92862
