burst_name,delta,sigma,K,rho,n_target,gamma,P_block_arrival,P_block_arrival_stable,E_W,Cost,ERP
strong,0.9,0.01,100,0.1,10,5.0,0.00013735092145394923,0.00013735092145806445,1.3233937301783176,1.33806236734829,1.770783347536284
strong,0.9,0.01,100,0.16071428571428573,10,5.0,0.002721441549332293,0.0027214415493278517,1.2402319646373807,1.9647316511860513,2.4367229957357215
strong,0.9,0.01,100,0.22142857142857142,10,5.0,0.008984794036946409,0.008984794036957029,1.1972340829437687,2.5397783730971955,3.0407092313954376
strong,0.9,0.01,100,0.28214285714285714,10,5.0,0.018544144159140297,0.018544144159150306,1.1704778594454963,3.0712891166920344,3.5948759110439417
strong,0.9,0.01,100,0.34285714285714286,10,5.0,0.03547566105824396,0.03547566105825342,1.1512507412955424,3.530611277992951,4.064618851015787
strong,0.9,0.01,100,0.4035714285714286,10,5.0,0.06665382709721801,0.06665382709722806,1.13645498573402,3.879844567559685,4.409268702676257
strong,0.9,0.01,100,0.4642857142857143,10,5.0,0.11379902198047964,0.11379902198049448,1.1254947027999922,4.116001881673593,4.6325383145384285
strong,0.9,0.01,100,0.525,10,5.0,0.16983265697178518,0.16983265697179797,1.1176839331015596,4.269784581385536,4.772269624419382
strong,0.9,0.01,100,0.5857142857142857,10,5.0,0.22665296945809577,0.22665296945810806,1.1120073055097945,4.3733085035503425,4.863151005196088
strong,0.9,0.01,100,0.6464285714285714,10,5.0,0.2798154363805788,0.27981543638059103,1.1076817804891101,4.447728701927675,4.926668047683766
strong,0.9,0.01,100,0.7071428571428571,10,5.0,0.32779705394495373,0.32779705394496617,1.1042266554796332,4.505114296371762,4.974667292036071
strong,0.9,0.01,100,0.7678571428571428,10,5.0,0.3704902585170451,0.3704902585170569,1.1013552622275637,4.552103197220174,5.0134828104613565
strong,0.9,0.01,100,0.8285714285714285,10,5.0,0.40832782083235464,0.4083278208323689,1.098893211326358,4.5924278124957985,5.04658774665799
strong,0.9,0.01,100,0.8892857142857142,10,5.0,0.44189159609771034,0.44189159609772244,1.0967313087429857,4.628292490991327,5.075993280890251
strong,0.9,0.01,100,0.95,10,5.0,0.4717576272300935,0.47175762723010467,1.0947984116605363,4.6610645617383915,5.102926078838404
strong,0.9,0.01,200,0.1,10,5.0,6.21213780416241e-09,6.212134474121783e-09,1.323713116873738,1.3392343088129945,1.772762021143095
strong,0.9,0.01,200,0.16071428571428573,10,5.0,1.4328242892602816e-05,1.4328242888814341e-05,1.2482759525475242,1.9915738494334838,2.4860337439703217
strong,0.9,0.01,200,0.22142857142857142,10,5.0,0.0005809134868717258,0.0005809134868852873,1.2313903152442005,2.6198606724253812,3.226071059313773
strong,0.9,0.01,200,0.28214285714285714,10,5.0,0.0037236469498780345,0.003723646949891216,1.2400374677647057,3.1966589331235244,3.963976848737921
strong,0.9,0.01,200,0.34285714285714286,10,5.0,0.010137038346540672,0.010137038346553306,1.2544604290227999,3.7095767418306,4.653517231049815
strong,0.9,0.01,200,0.4035714285714286,10,5.0,0.019103023254560703,0.01910302325457773,1.2820301527321714,4.132346214962353,5.297792449110395
strong,0.9,0.01,200,0.4642857142857143,10,5.0,0.03224500927409424,0.0322450092741123,1.367103887581561,4.418104791516291,6.0400082362246446
strong,0.9,0.01,200,0.525,10,5.0,0.06562806703784507,0.06562806703786075,1.6169541744349565,4.581465570587398,7.408019879391324
strong,0.9,0.01,200,0.5857142857142857,10,5.0,0.1383261699281949,0.1383261699282207,1.8575378210026714,4.643025922665507,8.624596255247004
strong,0.9,0.01,200,0.6464285714285714,10,5.0,0.21202648371517618,0.21202648371519978,1.943444081034792,4.671883921388147,9.079545154303409
strong,0.9,0.01,200,0.7071428571428571,10,5.0,0.27443626401193566,0.2744362640119702,1.9740168628849157,4.696547269196038,9.27106350672908
strong,0.9,0.01,200,0.7678571428571428,10,5.0,0.32720738054887055,0.3272073805489044,1.9868895863773797,4.720088740805696,9.378295165883957
strong,0.9,0.01,200,0.8285714285714285,10,5.0,0.3723403670290599,0.3723403670290891,1.9923538273635417,4.743014040640767,9.44976217710965
strong,0.9,0.01,200,0.8892857142857142,10,5.0,0.4113647224436653,0.41136472244369254,1.9940466224554911,4.765528124366078,9.50268526060883
strong,0.9,0.01,200,0.95,10,5.0,0.44543535809735413,0.4454353580973845,1.9935679668064443,4.787758897940031,9.54472277172577
strong,0.9,0.01,500,0.1,10,5.0,-7.771561172376096e-15,4.724605767461389e-22,1.3237131537706819,1.3392343417185635,1.7727621141142826
strong,0.9,0.01,500,0.16071428571428573,10,5.0,9.747758156208874e-14,1.1281892083616898e-13,1.2483720951638,1.991674153250011,2.4863504355763038
strong,0.9,0.01,500,0.22142857142857142,10,5.0,3.796563619040683e-09,3.796602531714222e-09,1.2360622487491684,2.6241668238346403,3.2436335453620084
strong,0.9,0.01,500,0.28214285714285714,10,5.0,2.520671488204229e-06,2.5206715128425105e-06,1.27835176727334,3.221212424995472,4.1178425962558025
strong,0.9,0.01,500,0.34285714285714286,10,5.0,0.0001526708736525606,0.00015267087369676596,1.3938380200521003,3.7598401382918545,5.2406081340691335
strong,0.9,0.01,500,0.4035714285714286,10,5.0,0.001954640594154844,0.0019546405942009702,1.6195807277214926,4.1909097043516415,6.787516588788897
strong,0.9,0.01,500,0.4642857142857143,10,5.0,0.009349508029733666,0.009349508029800443,2.0356169412107876,4.475725911410716,9.110863489483748
strong,0.9,0.01,500,0.525,10,5.0,0.03182193299984393,0.031821932999912296,3.5144153989756877,4.6729418475334,16.42265878748928
strong,0.9,0.01,500,0.5857142857142857,10,5.0,0.11236474622429027,0.11236474622437916,4.590450617925113,4.73935808759802,21.755789261782713
strong,0.9,0.01,500,0.6464285714285714,10,5.0,0.18897691896733693,0.1889769189674186,4.714711039718509,4.768504061804312,22.48211874313134
strong,0.9,0.01,500,0.7071428571428571,10,5.0,0.2532422740747817,0.25324227407494887,4.750299396386407,4.794018185164196,22.773021691250943
strong,0.9,0.01,500,0.7678571428571428,10,5.0,0.3075957834879173,0.30759578348808947,4.760562221100109,4.818150526249606,22.937105370837482
strong,0.9,0.01,500,0.8285714285714285,10,5.0,0.3541032350146799,0.35410323501486607,4.759751395894033,4.8414830486121305,23.044255698828884
strong,0.9,0.01,500,0.8892857142857142,10,5.0,0.3943289126012066,0.39432891260137015,4.753028051634185,4.864282602218774,23.120071659421964
strong,0.9,0.01,500,0.95,10,5.0,0.4294565271959161,0.4294565271960931,4.742766728371206,4.8867123473379275,23.17653673207508
strong,0.9,0.01,1000,0.1,10,5.0,-6.8833827526759706e-15,6.894753052212951e-44,1.323713153770682,1.3392343417185624,1.7727621141142815
strong,0.9,0.01,1000,0.16071428571428573,10,5.0,-2.6645352591003757e-14,1.65505813305699e-27,1.248372095165241,1.9916741532503859,2.4863504355796415
strong,0.9,0.01,1000,0.22142857142857142,10,5.0,-1.432187701766452e-13,4.643050113903178e-19,1.2360623037212584,2.624166837329576,3.2436337062985245
strong,0.9,0.01,1000,0.28214285714285714,10,5.0,-6.8833827526759706e-15,1.709566451075143e-13,1.2783941405379846,3.2212210025501946,4.117990055038061
strong,0.9,0.01,1000,0.34285714285714286,10,5.0,1.6022553284145147e-09,1.6025524876784295e-09,1.3969837205381057,3.7602732638134384,5.253040534322063
strong,0.9,0.01,1000,0.4035714285714286,10,5.0,1.216705641349236e-06,1.2167058924394857e-06,1.673567225788527,4.195236188870142,7.021009790135037
strong,0.9,0.01,1000,0.4642857142857143,10,5.0,0.0001452031077749938,0.00014520310801843835,2.4400742526526735,4.495896339117358,10.970320899675679
strong,0.9,0.01,1000,0.525,10,5.0,0.0064277996640229595,0.006427799664259062,5.923387766225204,4.750380142532894,28.138343621198484
strong,0.9,0.01,1000,0.5857142857142857,10,5.0,0.07751806698278596,0.07751806698302664,8.499410433571358,4.861401211745618,41.31904418088715
strong,0.9,0.01,1000,0.6464285714285714,10,5.0,0.15520029951113867,0.15520029951138145,8.86753499953185,4.89949761252744,43.44646655920981
strong,0.9,0.01,1000,0.7071428571428571,10,5.0,0.221501808626005,0.22150180862652413,8.994918653857114,4.929018330185583,44.33611892338995
strong,0.9,0.01,1000,0.7678571428571428,10,5.0,0.2779034566484576,0.27790345664899346,9.049603535035804,4.95551714067671,44.84546543419847
strong,0.9,0.01,1000,0.8285714285714285,10,5.0,0.32630211384467944,0.3263021138452393,9.071555670474513,4.980423297272915,45.180187203739486
strong,0.9,0.01,1000,0.8892857142857142,10,5.0,0.36823559072163514,0.36823559072218576,9.075616396389155,5.004335254154646,45.417427085634195
strong,0.9,0.01,1000,0.95,10,5.0,0.4048967716115941,0.40489677161219106,9.068728912215853,5.027577532561111,45.59373772794378
