burst_name,delta,sigma,rho,n_target,gamma,P_block_arrival,P_block_arrival_stable,E_W,Cost,ERP,E_N,lambda_eff,E_B,E_S,E_I,E_off,N_states
weak,0.3,1.0,0.1,10,1.0,1.4432899320127035e-15,3.508093732157162e-24,1.200010953073033,2.4034435776484564,2.8841586182711842,12.000109530730313,9.999999999999986,1.9999999999999931,0.33788286153692076,6.7576572307383715,10.904459907724714,92862
weak,0.3,1.0,0.16071428571428573,10,1.0,1.9984014443252818e-15,5.413869860913992e-18,1.125183759648464,2.532929575948277,2.8500112231902714,18.08331042292171,16.07142857142854,3.2142857142856935,0.27096826612936664,5.419365322587295,11.095380696997646,92862
weak,0.3,1.0,0.22142857142857142,10,1.0,9.958700530887654e-14,9.580624776201151e-14,1.0973771353373298,2.7167069517221973,2.9812520922319146,24.29906513960988,22.142857142854936,4.428571428570989,0.21516133550640515,4.303226710128103,11.0530405257945,92862
weak,0.3,1.0,0.28214285714285714,10,1.0,6.677403074917265e-11,6.677116501532941e-11,1.0910644635724394,3.033444763819116,3.309683784012929,30.783604505881126,28.214285712401725,5.642857142480366,0.18655725046531635,3.73114500930634,10.439440597747977,92862
weak,0.3,1.0,0.34285714285714286,10,1.0,4.255410135378668e-09,4.2554082329669964e-09,1.0850058822601434,3.514768735278733,3.8135447525614703,37.200201519188525,34.285714139814516,6.857142827962917,0.19162643160667975,3.8325286321336085,9.118702108296795,92862
weak,0.3,1.0,0.4035714285714286,10,1.0,6.482201775348528e-08,6.482201926840548e-08,1.075876473236301,4.054048600914408,4.361655511080354,43.41929771250976,40.35714024111142,8.071428048222305,0.20855304974155475,4.171060994831088,7.548957907205051,92862
weak,0.3,1.0,0.4642857142857143,10,1.0,5.019511776227503e-07,5.019511803258048e-07,1.0687459263719306,4.588942923726387,4.904414056085873,49.62032167456252,46.42854812369533,9.285709624739036,0.22458269445940396,4.4916538891880675,5.998053791613493,92862
weak,0.3,1.0,0.525,10,1.0,2.79638536482274e-06,2.796385365736584e-06,1.0643060316429145,5.1080659972292874,5.436545450881209,55.87591041023795,52.499853189768345,10.499970637953643,0.23738722533757434,4.747744506751491,4.514897629957291,92862
weak,0.3,1.0,0.5857142857142857,10,1.0,1.2928471882167614e-05,1.2928471885025867e-05,1.0629934903067606,5.599028322680571,5.951730659052627,62.26024234919675,58.570671332361194,11.71413426647221,0.24443774038151603,4.888754807630314,3.152673185515961,92862
weak,0.3,1.0,0.6464285714285714,10,1.0,5.5050943669865404e-05,5.505094366839893e-05,1.0664337492123075,6.042747014410939,6.444189354119736,68.93352943788479,64.6392984925699,12.927859698514,0.24185622086355785,4.8371244172711565,1.9931596633512854,92862
weak,0.3,1.0,0.7071428571428571,10,1.0,0.0002333639870971682,0.000233363987097541,1.0785816456315207,6.418934568123602,6.923345009687809,76.25333172022167,70.6977835466267,14.139556709325335,0.22561429956410586,4.512285991282116,1.1225429998284424,92862
weak,0.3,1.0,0.7678571428571428,10,1.0,0.0009909196104620488,0.000990919610462305,1.1071306842081245,6.7205299562785825,7.440504928735905,84.92758051460238,76.70962581562523,15.341925163125046,0.194828884811145,3.89657769622291,0.5666682558408995,92862
weak,0.3,1.0,0.8285714285714285,10,1.0,0.003851379193524296,0.003851379193523938,1.162355636182109,6.958343643253286,8.088069952227407,95.93854272061085,82.53802858110798,16.507605716221608,0.1538162926154603,3.076325852309191,0.26225213885374066,92862
weak,0.3,1.0,0.8892857142857142,10,1.0,0.012171458962923154,0.012171458962922814,1.2491276442837416,7.144970502369618,8.924980172101781,109.73109309537512,87.84618097079718,17.569236194159437,0.1103350583479386,2.206701166958772,0.11372758053385246,92862
weak,0.3,1.0,0.95,10,1.0,0.029656040390402927,0.029656040390403288,1.3579863471636222,7.2846890523553895,9.892508276430924,125.18281567423959,92.18267616291172,18.43653523258233,0.07220525961059447,1.444105192211885,0.04715431559519101,92862
medium,0.6,0.1,0.1,10,1.0,1.1213252548714081e-14,1.016344259996221e-14,1.211417944352906,1.8259834866583646,2.2120291618300283,12.114179443528913,9.999999999999877,1.9999999999999738,0.21973826076231073,4.394765215246205,13.38549652399151,92862
medium,0.6,0.1,0.16071428571428573,10,1.0,1.5494883154332229e-10,1.5493723638556007e-10,1.1612701715799552,2.2258177555314047,2.584775766871665,18.66327061178598,16.071428568938305,3.2142857137876932,0.20813517348744215,4.162703469748832,12.414875642976034,92862
medium,0.6,0.1,0.22142857142857142,10,1.0,3.238644730174656e-08,3.2386448382983545e-08,1.1385407797798113,2.8212867893043905,3.212150061077101,25.210545021501503,22.14285642572865,4.428571285145739,0.2365577050979159,4.731154101958356,10.603716907797988,92862
medium,0.6,0.1,0.28214285714285714,10,1.0,9.714221269607748e-07,9.714221274529424e-07,1.1205654378459977,3.4728364044922486,3.891540446167377,31.615922712503895,28.214258306304245,5.642851661260844,0.27645436068436363,5.529087213687296,8.551606764367497,92862
medium,0.6,0.1,0.34285714285714286,10,1.0,1.0590716524983002e-05,1.0590716523669526e-05,1.1088753195399814,4.118142497361539,4.566506577672954,38.01817974019919,34.2853511754334,6.857070235086689,0.315078385997138,6.301567719942741,6.5262836589734325,92862
medium,0.6,0.1,0.4035714285714286,10,1.0,6.69770301126027e-05,6.697703011004882e-05,1.1053803556261008,4.73289249385833,5.231646388001224,44.60700507864276,40.354439855570625,8.070887971114127,0.34748166524382346,6.949633304876445,4.631997058765605,92862
medium,0.6,0.1,0.4642857142857143,10,1.0,0.0003300733446095494,0.00033007334460490896,1.1143442039167393,5.28791481250279,5.892557222117955,51.72033232777873,46.41324659471476,9.282649318942953,0.3678232315071219,7.356464630142436,2.9930628194074886,92862
medium,0.6,0.1,0.525,10,1.0,0.001553209051259108,0.0015532090512548195,1.149255619027665,5.739536510680057,6.596194585513493,60.24220570189426,52.41845652480912,10.483691304961816,0.36783426570163585,7.356685314032716,1.7917891153038328,92862
medium,0.6,0.1,0.5857142857142857,10,1.0,0.007409694118136967,0.007409694118135269,1.2384202029434779,6.061241427584132,7.506363838838157,71.99857058578284,58.13743220165223,11.627486440330438,0.34566877038236565,6.913375407647271,1.1134693816399253,92862
medium,0.6,0.1,0.6464285714285714,10,1.0,0.028291813647728814,0.028291813647724647,1.3814077284298336,6.267405608553923,8.657842544860873,86.77173603978865,62.813993474914945,12.562798694983004,0.3159015322448034,6.318030644896063,0.8032691278761304,92862
medium,0.6,0.1,0.7071428571428571,10,1.0,0.06702556177104035,0.06702556177103541,1.499664311927118,6.391923462822502,9.58573950176451,98.93978459019328,65.97462098904815,13.194924197809637,0.29275204141996786,5.8550408283993685,0.6572829323710261,92862
medium,0.6,0.1,0.7678571428571428,10,1.0,0.11161429815542823,0.1116142981554241,1.5666136651082927,6.475667745216983,10.14486958035793,106.86706920901952,68.21533067735133,13.643066135470278,0.27541312336639595,5.508262467327919,0.5732582738354077,92862
medium,0.6,0.1,0.8285714285714285,10,1.0,0.15472899850792898,0.15472899850792457,1.6029978984540247,6.541356823727323,10.485781241472793,112.26874723274801,70.03674012362903,14.007348024725815,0.260831000296847,5.216620005936942,0.5152009690403965,92862
medium,0.6,0.1,0.8892857142857142,10,1.0,0.1943623185031209,0.19436231850311672,1.6235309048873812,6.597878837049951,10.711860198653008,116.3165860139105,71.6442081045442,14.32884162090882,0.24766476212332428,4.953295242466467,0.4701983745013889,92862
medium,0.6,0.1,0.95,10,1.0,0.23025472687882564,0.23025472687882131,1.6353049300393487,6.649037603096014,10.873203972359926,119.58298280090693,73.12580094651187,14.625160189302381,0.23533777883482018,4.706755576696411,0.432746455166388,92862
strong,0.9,0.01,0.1,10,1.0,4.353113425281663e-10,4.3530780574467303e-10,1.2601496321478913,1.5235138183839685,1.9198553778087872,12.601496315993344,9.99999999564689,1.99999999912938,0.15785492246136373,3.157098449227268,14.685046629181988,92862
strong,0.9,0.01,0.16071428571428573,10,1.0,1.386532804348306e-06,1.3865328008069056e-06,1.1860516170634516,2.2431695687241193,2.660514894332767,19.061517416206783,16.071406287865653,3.214281257573141,0.21168558505603158,4.233711701120641,12.340321456250187,92862
strong,0.9,0.01,0.22142857142857142,10,1.0,6.52036866390926e-05,6.520368664841309e-05,1.1541707722105046,2.9557740161093617,3.4114679786526865,25.55497214046797,22.141413346938492,4.428282669387704,0.2640951233234531,5.281902466469055,10.025719740819788,92862
strong,0.9,0.01,0.28214285714285714,10,1.0,0.0005330688748813595,0.0005330688748929819,1.1426689174427413,3.6406055646726427,4.160006819420508,32.22240139302686,28.19924555674414,5.63984911134883,0.3110098114440842,6.220196228881693,7.828944848325393,92862
strong,0.9,0.01,0.34285714285714286,10,1.0,0.001926653196757444,0.0019266531967639948,1.1454278928096437,4.272807453987891,4.894192838402689,39.19615030279872,34.219657604682276,6.843931520936447,0.34773250638254194,6.954650127650838,5.8536858450301725,92862
strong,0.9,0.01,0.4035714285714286,10,1.0,0.0048955291205028395,0.004895529120515015,1.1689500787494111,4.79478873899869,5.6048686740393086,46.94453635879531,40.15957328906503,8.031914657813006,0.36314318395703593,7.262863679140693,4.342078479089265,92862
strong,0.9,0.01,0.4642857142857143,10,1.0,0.011970481574984482,0.011970481574996375,1.2573442524099425,5.134121597247655,6.455358281473093,57.67790025228421,45.872799069732416,9.17455981394649,0.34467271139628125,6.893454227925603,3.587313246731626,92862
strong,0.9,0.01,0.525,10,1.0,0.04119319294713775,0.04119319294714862,1.5226666850434099,5.313421060984549,8.09056923316918,76.64701708084175,50.33735737027478,10.067471474054958,0.3126707100151328,6.253414200302661,3.3664436156272473,92862
strong,0.9,0.01,0.5857142857142857,10,1.0,0.11430365414521493,0.11430365414522389,1.778835655086281,5.372986518578724,9.557659993545741,92.27976831861483,51.87650025720834,10.375300051441663,0.301178296152759,6.023565923055188,3.2999557293503896,92862
strong,0.9,0.01,0.6464285714285714,10,1.0,0.1898998261452055,0.18989982614521525,1.871608788005417,5.395817339923643,10.098859151873103,98.01089265135414,52.367189809898704,10.473437961979739,0.2983002645350412,5.966005290700822,3.262256482784397,92862
strong,0.9,0.01,0.7071428571428571,10,1.0,0.2541413869730892,0.25414138697310173,1.9055990401130867,5.4138254381706705,10.31658055831784,100.50674160526457,52.74285906404531,10.548571812809065,0.29620507800961554,5.924101560192314,3.2311215489890053,92862
strong,0.9,0.01,0.7678571428571428,10,1.0,0.3085356013691738,0.3085356013691858,1.9206614878435655,5.430511571715468,10.43017443508273,101.97672990821502,53.094587752009346,10.61891755040186,0.29420774245671355,5.884154849134266,3.2027198580071605,92862
strong,0.9,0.01,0.8285714285714285,10,1.0,0.3550925622070302,0.35509256220703894,1.9277652874288242,5.446519650907547,10.499611520318526,103.01049998078918,53.435187702845525,10.687037540569102,0.29224289270795384,5.844857854159082,3.1758617125638615,92862
strong,0.9,0.01,0.8892857142857142,10,1.0,0.39536833910931535,0.3953683391093281,1.930804932828504,5.462101778495825,10.546253057531082,103.81750805521835,53.7690298434925,10.753805968698504,0.2902948623258529,5.8058972465170475,3.1500019224585953,92862
strong,0.9,0.01,0.95,10,1.0,0.4305441202824848,0.43054412028249606,1.931497722795313,5.477390814605008,10.579567885269537,104.49075981614332,54.09830857316343,10.819661714632687,0.28835707364495844,5.767141472899173,3.124839738823182,92862
