burst_name,rho,alpha,n_target,gamma,protect_presetup,delta,sigma,beta,c,K,b,P_block_arrival_stable,E_W,Cost,ERP,E_N,lambda_eff,E_B,E_S,E_I,E_off,p1_fire_rate,p1_launch_rate,setup_completion_rate,setup_cancel_rate,rho_B,min_pi,elapsed_s,check
medium,0.7,0.1,10,5.0,False,0.6,0.1,0.005,20,200,5,0.09876976715302406,1.6426239282679764,6.097157592891448,10.01533695650427,103.62676417470733,63.08611629928828,12.617223259857639,1.0288127324472445,4.2844521007529615,2.0695119069421555,0.0012833466317551867,0.0020047928886204876,0.10288127324472446,0.4311668385290554,1.12,0.0,2.0283074378967285,ok
medium,0.7,0.1,10,5.0,True,0.6,0.1,0.005,20,200,5,0.09875768142942624,1.642581955540752,6.097255530177265,10.015241912190236,103.62550590376128,63.08696229994009,12.617392459988025,1.0288381889378926,4.284561815318631,2.069207535755451,0.0012825195558079925,0.0020030991618429183,0.10288381889378927,0.429132057991558,1.12,0.0,1.615328311920166,ok
medium,0.7,1.0,10,5.0,False,0.6,0.1,0.005,20,200,5,0.05131322452437676,1.4529491608668024,6.172286597142835,8.968018631948093,96.4875558046918,66.40807428329366,13.281614856658717,0.11967680058415281,5.0253956764218914,1.573312666335239,0.0007183409989506423,0.0010413977737380774,0.11967680058415281,0.26991247430262466,1.12,0.0,1.5864768028259277,ok
medium,0.7,1.0,10,5.0,True,0.6,0.1,0.005,20,200,5,0.05130978137214248,1.452920745346668,6.17231759291443,8.967888277613586,96.48601896863164,66.40831530395005,13.281663060790015,0.1196777211970101,5.025451201761394,1.5732080162515816,0.0007169640788409773,0.0010388686072613758,0.1196777211970101,0.268995678570159,1.12,0.0,1.603567361831665,ok
medium,0.7,10.0,10,5.0,False,0.6,0.1,0.005,20,200,5,0.04772678559680099,1.4220126298350688,6.179854026096288,8.787830475646022,94.79011765544911,66.65912500822392,13.331825001644779,0.012210943037516762,5.15436721640619,1.5015968389115137,0.0005556827720420638,0.0007539113195146498,0.12210943037516762,0.12242359502683708,1.12,0.0,1.7421269416809082,ok
medium,0.7,10.0,10,5.0,True,0.6,0.1,0.005,20,200,5,0.04772662290496855,1.4220096937903954,6.179868675392843,8.787833162760233,94.78993813573554,66.65913639665216,13.331827279330437,0.012211007406304698,5.154428251261425,1.5015334620018335,0.0005539784581913512,0.000751556982708576,0.12211007406304697,0.12206451145954803,1.12,0.0,1.5855231285095215,ok
strong,0.7,0.1,10,5.0,False,0.9,0.01,0.005,20,200,5,0.2676376352203013,1.971673040100289,4.693720899400387,9.254482955103024,101.0785391154161,51.265365534579075,10.25307310691582,0.655124376844515,2.6262780354281965,6.465524480811467,0.0035879860759813467,0.020984322095948804,0.0655124376844515,0.08642607219451298,1.33,0.0,1.7925453186035156,ok
strong,0.7,0.1,10,5.0,True,0.9,0.01,0.005,20,200,5,0.26759069063892693,1.9715274847719912,4.6940113545656486,9.254372399357981,101.07755584557633,51.26865165527531,10.253730331055056,0.6551578213679946,2.626414468046307,6.464697379530642,0.003587892695201146,0.020983594604275103,0.06551578213679947,0.08179500923250208,1.33,0.0,1.5936448574066162,ok
strong,0.7,1.0,10,5.0,False,0.9,0.01,0.005,20,200,5,0.23026700001342507,1.8577753833695172,4.721463471593193,8.771418611004215,100.09937133995616,53.88130999906036,10.776261999812073,0.07110109664347507,2.8506476168405914,6.301989286703861,0.0035119840352668785,0.01995838182961918,0.07110109664347507,0.049726923718380396,1.33,0.0,1.7262895107269287,ok
strong,0.7,1.0,10,5.0,True,0.9,0.01,0.005,20,200,5,0.23022000088346622,1.8575550374666145,4.721746505591281,8.77090400710147,100.09361005699772,53.884599938157514,10.776919987631507,0.07110401267346961,2.850800760486448,6.301175239208575,0.0035119619267483934,0.019957356740862835,0.07110401267346961,0.04427974425407208,1.33,0.0,1.5595502853393555,ok
strong,0.7,10.0,10,5.0,False,0.9,0.01,0.005,20,200,5,0.2269954639995976,1.8415247098967866,4.73192737049979,8.713961178212289,99.64548677349292,54.11031752002819,10.822063504005643,0.0072919809106994585,2.9270453006407453,6.243599214442913,0.0035077847103512382,0.019357612107571306,0.07291980910699458,0.03821068780521733,1.33,0.0,1.5928916931152344,ok
strong,0.7,10.0,10,5.0,True,0.9,0.01,0.005,20,200,5,0.2269891954639887,1.8414753401912516,4.732094420867081,8.71403518348333,99.64362339781275,54.11075631752092,10.82215126350418,0.007292544203243338,2.9276386068640345,6.2429175854285415,0.003507563513250689,0.019356162373960067,0.07292544203243338,0.03484206340129931,1.33,0.0,1.8601202964782715,ok
medium,0.3,0.1,10,5.0,False,0.6,0.1,0.005,20,200,5,0.00013925435842414717,1.2233337227937557,3.543009914004611,4.334283507994446,36.694901047231454,29.99582236924725,5.999164473849451,0.8544050044734521,4.283050789690794,8.863379731986303,0.023177049179019936,0.05935367833691612,0.08544050044734522,1.5739970460985784,0.48,0.0,1.9031410217285156,ok
medium,0.3,0.1,10,5.0,True,0.6,0.1,0.005,20,200,5,0.00011294656170481429,1.2093548928910294,3.5482860609979,4.291137109244848,36.27654901241989,29.996611603148857,5.999322320629779,0.8575005381916669,4.301016909313496,8.842160231865057,0.02299742795524309,0.05790631789806725,0.0857500538191667,1.4078344355910453,0.48,0.0,1.610964059829712,ok
medium,0.3,1.0,10,5.0,False,0.6,0.1,0.005,20,200,5,8.921966912795987e-14,1.0825544176098398,3.5852115939419624,3.8811866490878866,32.47663252829236,29.999999999997385,5.9999999999994715,0.10614832113895224,5.71582685320291,8.178024825658667,0.015459501440193622,0.03671727334122715,0.10614832113895224,0.5674693513552429,0.48,0.0,1.7001097202301025,ok
medium,0.3,1.0,10,5.0,True,0.6,0.1,0.005,20,200,5,6.41556418739233e-14,1.07993105805313,3.5923519472580687,3.8794924393016283,32.39793174159186,29.99999999999811,5.999999999999606,0.10658589301728215,5.746749752653419,8.146664354329694,0.014837173018177344,0.034415182096311885,0.10658589301728215,0.48598260320788583,0.48,0.0,1.6590821743011475,ok
medium,0.3,10.0,10,5.0,False,0.6,0.1,0.005,20,200,5,7.74606393213889e-17,1.0682962935988471,3.762186705450463,4.019130113259587,32.04888880796544,30.00000000000002,6.000000000000014,0.011925092850016916,6.657371442810383,7.330703464339585,0.011355878987989449,0.02587439722482488,0.11925092850016916,0.11068171080434158,0.48,0.0,1.6340463161468506,ok
medium,0.3,10.0,10,5.0,True,0.6,0.1,0.005,20,200,5,7.742217356418077e-17,1.068235789331285,3.764949146413335,4.021853423210997,32.04707367993852,29.99999999999997,5.999999999999994,0.011941928105342364,6.669588897832733,7.318469174061932,0.011108688589982721,0.025299423309077404,0.11941928105342364,0.10345799870250874,0.48,0.0,1.6127729415893555,ok
