burst_name,delta,sigma,alpha,beta,rho,P_block_arrival,P_block_arrival_stable,E_W,Cost,ERP,E_N,lambda_eff,E_B,E_S,E_I,E_off,N_states
strong,0.9,0.01,0.1,0.01,0.7,0.2566288742311328,0.25662887423114267,1.9328280809538234,5.078395782763511,9.815665975122787,100.57660105194164,52.03597880382021,10.407195760764044,0.4428420663072706,4.4284206630726795,4.7215415098560065,8442
strong,0.9,0.01,0.1,0.019306977288832496,0.7,0.26511271403091285,0.26511271403092224,1.9618736394988343,4.78702593891726,9.39154000115893,100.9229196041906,51.44211001783561,10.288422003567131,0.5949110793673106,3.0813268719771,6.035340045088458,8442
strong,0.9,0.01,0.1,0.0372759372031494,0.7,0.2718063599808318,0.2718063599808417,1.9888856932544916,4.572026385397237,9.093237867098612,101.38057387871149,50.97355480134129,10.194710960268264,0.7532063694994178,2.0206235604339944,7.031459109798323,8442
strong,0.9,0.01,0.1,0.07196856730011521,0.7,0.27649263032501914,0.27649263032502974,2.0137708451678464,4.443972038950684,8.949141328779996,101.98846331208766,50.64551587724818,10.129103175449638,0.9219624781917982,1.28106270942859,7.6678716369299735,8442
strong,0.9,0.01,0.1,0.13894954943731375,0.7,0.27958569816585754,0.27958569816586726,2.0376791193239177,4.387981359793879,8.941297992834558,102.75812260768153,50.42900112838949,10.085800225677898,1.10697801919845,0.7966762207443204,8.01054553437933,8442
strong,0.9,0.01,0.1,0.2682695795279725,0.7,0.28158974169401674,0.28158974169402645,2.061144870948818,4.382214289764512,9.032378506746742,103.65233334010651,50.288718081418345,10.057743616283672,1.305679116432073,0.4867041275158562,8.149873139768399,8442
strong,0.9,0.01,0.1,0.517947467923121,0.7,0.28287871944776255,0.28287871944777193,2.083576205324714,4.406586962864692,9.181459742518971,104.59237855434314,50.19848963865614,10.039697927731225,1.506102005416508,0.2907827721324171,8.16341729471985,8442
strong,0.9,0.01,0.1,1.0,0.7,0.28369770108699355,0.2836977010870034,2.103533581478857,4.443908028232668,9.347909770390912,105.47361581778007,50.14116092390997,10.028232184782002,1.6899064567824535,0.16899064567824584,8.112870712757298,8442
strong,0.9,0.01,0.1,1.9306977288832496,0.7,0.28420619813261827,0.28420619813262854,2.119231382873845,4.479765811302433,9.493660295237428,106.18528820087468,50.10556613071624,10.021113226143257,1.8367120973093654,0.095132038010515,8.047042638536862,8442
strong,0.9,0.01,0.1,3.727593720314938,0.7,0.28451093879226397,0.28451093879227374,2.1298190338716307,4.5058620755014145,9.596670812403243,106.67035547610162,50.08423428454105,10.016846856908213,1.9362993269001294,0.051945020626779505,7.994908795564878,8442
strong,0.9,0.01,0.1,7.196856730011514,0.7,0.2846877268676903,0.28468772686769994,2.1360492184330484,4.52148851523485,9.658122009121406,106.9559555371876,50.071859119261205,10.014371823852246,1.994872068705256,0.027718657513167804,7.963037449929331,8442
strong,0.9,0.01,0.1,13.894954943731374,0.7,0.28478914974250435,0.28478914974251407,2.139421723198768,4.52985459619421,9.691269326029676,107.10963407958329,50.06475951802422,10.012951903604831,2.0264242513563264,0.014583885011232312,7.94603996002761,8442
strong,0.9,0.01,0.1,26.826957952797247,0.7,0.28484795016190934,0.2848479501619202,2.141193285174859,4.53415388760319,9.708499858085434,107.1895136894639,50.06064348866587,10.012128697733187,2.0428637025903873,0.007614965909235243,7.93739263376719,8442
strong,0.9,0.01,0.1,51.794746792312075,0.7,0.28488258298331226,0.2848825829833223,2.142121917682589,4.536352760822997,9.717420675298866,107.23080848955946,50.058219191167666,10.01164383823354,2.051389551904126,0.003960613148916133,7.933005996713417,8442
strong,0.9,0.01,0.1,100.0,0.7,0.28490300749977604,0.2849030074997866,2.142610443593414,4.53748203170917,9.72205638875753,107.25219990192446,50.0567894750152,10.01135789500304,2.0558219096573542,0.0020558219096573505,7.930764373429948,8442
strong,0.9,0.01,1.0,0.01,0.7,0.2294893983282451,0.22948939832825488,1.8533195483318292,5.116952814762334,9.483348679490613,99.96016521926184,53.93574211702233,10.787148423404473,0.046270369741097224,4.6270369741097195,4.539544232744711,8442
strong,0.9,0.01,1.0,0.019306977288832496,0.7,0.23022903225562097,0.23022903225563038,1.8572870111580528,4.820624769748242,8.953283770520189,100.07799339707302,53.883967742106016,10.776793548421207,0.06374376306858716,3.301592067726606,5.8578706207836,8442
strong,0.9,0.01,1.0,0.0372759372031494,0.7,0.23081159478993174,0.23081159478994162,1.8609729094148675,4.5872256552521025,8.536702673797027,100.20071490323645,53.84318836470427,10.768637672940852,0.08376607940417656,2.2471890900465405,6.900407157608432,8442
strong,0.9,0.01,1.0,0.07196856730011521,0.7,0.23122348221778655,0.23122348221779598,1.8644891793622191,4.4251631516885155,8.250668813235652,100.3362849126883,53.81435624475443,10.762871248950887,0.10782999336930234,1.498292899449308,7.631005858230503,8442
strong,0.9,0.01,1.0,0.13894954943731375,0.7,0.23150177201901345,0.23150177201902275,1.8681532144965118,4.321085803056594,8.072450333095416,100.49707044562777,53.79487595866855,10.758975191733704,0.13799734297134106,0.9931471064870083,8.109880358807947,8442
strong,0.9,0.01,1.0,0.2682695795279725,0.7,0.23168991144579465,0.23168991144580406,1.8722473990042179,4.258085913086201,7.97219027551214,100.69265954470083,53.78170619879386,10.756341239758756,0.17579108975775173,0.655277762268317,8.412589908215175,8442
strong,0.9,0.01,1.0,0.517947467923121,0.7,0.23182020898473932,0.23182020898474862,1.8768529392507483,4.222809848428229,7.925593075919528,100.92323490480027,53.772585371067734,10.754517074213542,0.2209754830973098,0.4266368633548545,8.597870579334295,8442
strong,0.9,0.01,1.0,1.0,0.7,0.2319124332461302,0.23191243324613992,1.8817843409319939,4.2059553687222415,7.914700951520365,101.17626089073832,53.766129672770376,10.753225934554083,0.27088788274741576,0.2708878827474158,8.704998299951084,8442
strong,0.9,0.01,1.0,1.9306977288832496,0.7,0.23197798701792083,0.23197798701793113,1.8865951704861856,4.200532768160541,7.924704833880646,101.42626343633387,53.761540908745026,10.752308181749012,0.3203584723036263,0.1659288595573824,8.76140448638998,8442
strong,0.9,0.01,1.0,3.727593720314938,0.7,0.23202358113711896,0.23202358113712937,1.8906889714629624,4.200763034152198,7.9423363404008525,101.64031818413591,53.75834932040116,10.75166986408023,0.36277383700549576,0.09732118471721368,8.788235114197063,8442
strong,0.9,0.01,1.0,7.196856730011514,0.7,0.23205380721802282,0.23205380721803254,1.8936519648021533,4.2025581553563525,7.958182508085869,101.79559717767373,53.75623349473789,10.751246698947574,0.3935537552691911,0.05468411697401713,8.800515428809216,8442
strong,0.9,0.01,1.0,13.894954943731374,0.7,0.23207282298090148,0.23207282298091148,1.8955045399496917,4.204055266834343,7.96880584448391,101.89266152733066,53.75490239133639,10.750980478267268,0.41278769403603693,0.02970773893889192,8.806524088757802,8442
strong,0.9,0.01,1.0,26.826957952797247,0.7,0.23208441441903105,0.23208441441904099,1.8965564699426005,4.204949777002642,7.974924705358055,101.94766905423334,53.754090990667315,10.75081819813346,0.42367796456744033,0.01579299320157408,8.809710844097525,8442
strong,0.9,0.01,1.0,51.794746792312075,0.7,0.23209140820170404,0.23209140820171406,1.8971266466739423,4.205430376811275,7.978234028580708,101.97738961972776,53.753601425880206,10.750720285176026,0.4295538999839352,0.008293387391319268,8.81143242744872,8442
strong,0.9,0.01,1.0,100.0,0.7,0.23209558500290028,0.23209558500291028,1.897429757556138,4.205681503127887,7.979985234838281,101.99312815819547,53.75330904979647,10.750661809959292,0.43266037008279795,0.004326603700828002,8.812351216257081,8442
strong,0.9,0.01,10.0,0.01,0.7,0.2269840180847148,0.22698401808472296,1.8413813510279449,5.122502807291067,9.432481139934065,99.63920492017434,54.11111873406945,10.822223746813885,0.004662526845933486,4.662526845933508,4.510586880406674,8442
strong,0.9,0.01,10.0,0.019306977288832496,0.7,0.22702430647549143,0.2270243064755001,1.8417369817939209,4.830134554682401,8.895837436399288,99.65325445543144,54.10829854671508,10.821659709343013,0.006495609063762499,3.3643842671942705,5.807460414398954,8442
strong,0.9,0.01,10.0,0.0372759372031494,0.7,0.22705467129135015,0.2270546712913587,1.8420815251750082,4.598612150320122,8.471018483550015,99.667981698916,54.10617300960497,10.821234601920992,0.008704323500984481,2.3351052056845547,6.83495586889347,8442
strong,0.9,0.01,10.0,0.07196856730011521,0.7,0.2270757571961055,0.22707575719611472,1.8424397347082901,4.434044447729755,8.169459675959976,99.68464358028399,54.1046969962721,10.820939399254417,0.011524978345857261,1.6013905484316708,7.5661450739680545,8442
strong,0.9,0.01,10.0,0.13894954943731375,0.7,0.22709030247985218,0.22709030247986184,1.842855030114455,4.322378008218275,7.965516054501147,99.7052366729463,54.10367882640983,10.82073576528196,0.015290730980980759,1.1004520016726707,8.063521502064388,8442
strong,0.9,0.01,10.0,0.2682695795279725,0.7,0.22710107102152122,0.22710107102152993,1.8433721263566942,4.247074198787737,7.828938196614004,99.73182395188995,54.102925028493,10.82058500569859,0.020347293275343886,0.7584644263857865,8.400603274640279,8442
strong,0.9,0.01,10.0,0.517947467923121,0.7,0.22711022132050696,0.2271102213205167,1.8440244288587069,4.195778316030156,7.737117712835254,99.76593428901197,54.102284507564,10.820456901512792,0.02694823217697563,0.5202889066150557,8.632305959695177,8442
strong,0.9,0.01,10.0,1.0,0.7,0.22711933224116776,0.22711933224117625,1.8448220124619117,4.160667877815633,7.675691687537467,99.8079088221419,54.10164674311774,10.820329348623547,0.035123619539090545,0.3512361953909087,8.793310836446453,8442
strong,0.9,0.01,10.0,1.9306977288832496,0.7,0.2271294843454783,0.227129484345487,1.8457320758078122,4.136845182964141,7.635507846847952,99.85583308327627,54.100936095816,10.820187219163195,0.04446443033137115,0.2303023910277776,8.905045959477656,8442
strong,0.9,0.01,10.0,3.727593720314938,0.7,0.22714116557954034,0.22714116557954953,1.846645683891218,4.120867156798126,7.609781548990335,99.9037501587808,54.10011840943166,10.820023681886326,0.05376741707614214,0.1442416237132181,8.981967277324314,8442
strong,0.9,0.01,10.0,7.196856730011514,0.7,0.22715418962817147,0.22715418962818062,1.8474058895595953,4.110336263534926,7.593459421324803,99.94319312616524,54.09920672602748,10.8198413452055,0.06134357262390749,0.0852366177696708,9.033578464400922,8442
strong,0.9,0.01,10.0,13.894954943731374,0.7,0.2271679196856441,0.22716791968565284,1.8479335785342195,4.1037000635728145,7.583365143709215,99.96996462469376,54.0982456220044,10.819649124400888,0.06636862718254079,0.047764550120029635,9.06621769829654,8442
strong,0.9,0.01,10.0,26.826957952797247,0.7,0.22718147972507063,0.22718147972508052,1.8482682468895022,4.09978942244594,7.577510608440282,99.98631521425885,54.09729641924454,10.819459283848914,0.06931362194332916,0.02583730218882391,9.085389792018931,8442
strong,0.9,0.01,10.0,51.794746792312075,0.7,0.2271937746426157,0.227193774642625,1.8484794206790292,4.097616408621814,7.574359605174135,99.9961482622026,54.09643577501639,10.81928715500328,0.07098544620500441,0.013705143977176686,9.096022254814539,8442
strong,0.9,0.01,10.0,100.0,0.7,0.22720370064116224,0.22720370064117207,1.848612987601571,4.096452494035613,7.57275528356708,100.00208930356158,54.095740955118124,10.819148191023618,0.07193567395333171,0.007193567395333171,9.101722567627716,8442
