burst_name,delta,sigma,K,rho,P_block_arrival,P_block_arrival_stable,E_W,Cost,ERP
weak,0.3,1.0,100,0.1,7.986119654468382e-09,7.98611989386413e-09,1.25152111980064,1.255603664831943,1.5714145046362609
weak,0.3,1.0,100,0.16071428571428573,5.871395950540759e-07,5.871395951593191e-07,1.1643994714412818,1.8362230977772365,2.1380972045000872
weak,0.3,1.0,100,0.22142857142857142,9.617733851663424e-06,9.617733851773607e-06,1.124359787157558,2.4017881136150794,2.700473972221803
weak,0.3,1.0,100,0.28214285714285714,6.981738286859773e-05,6.981738286861026e-05,1.101206423709766,2.9576356909938992,3.2569674219157547
weak,0.3,1.0,100,0.34285714285714286,0.0003107248269238472,0.0003107248269247326,1.0859829461479908,3.503671020092072,3.804926976732925
weak,0.3,1.0,100,0.4035714285714286,0.0010175359741402268,0.001017535974140163,1.0750386409709096,4.035529580366582,4.338350235675195
weak,0.3,1.0,100,0.4642857142857143,0.0027316092580962348,0.002731609258096009,1.066577542585201,4.544527832044033,4.847091327311577
weak,0.3,1.0,100,0.525,0.00637707299024004,0.006377072990240515,1.0596127004538423,5.017797485298984,5.316921943728155
weak,0.3,1.0,100,0.5857142857142857,0.013270673371245878,0.01327067337124591,1.0536017467481549,5.440651382836354,5.732279800404147
weak,0.3,1.0,100,0.6464285714285714,0.024764070651578818,0.024764070651578467,1.0482994615166967,5.802077502950977,6.082314722021649
weak,0.3,1.0,100,0.7071428571428571,0.041574010972009856,0.04157401097200969,1.0436351682222456,6.099583951530669,6.365740323341419
weak,0.3,1.0,100,0.7678571428571428,0.06338404201401882,0.0633840420140189,1.039586957359688,6.338879888489624,6.589816856343447
weak,0.3,1.0,100,0.8285714285714285,0.08907991973157936,0.08907991973157918,1.0361117134310975,6.529748710732529,6.765549124951581
weak,0.3,1.0,100,0.8892857142857142,0.11728487510070662,0.11728487510070673,1.0331383321670125,6.682191172554134,6.9036278432337115
weak,0.3,1.0,100,0.95,0.14676076468044374,0.1467607646804434,1.0305861012785016,6.8046285392453205,7.01275559690926
weak,0.3,1.0,200,0.1,-4.440892098500626e-16,7.713243959522521e-18,1.2515211331147527,1.2556037781886906,1.5714146632218746
weak,0.3,1.0,200,0.16071428571428573,2.5424107263916085e-14,2.511926057038349e-14,1.1644003004650303,1.836233837858507,2.1381112325265015
weak,0.3,1.0,200,0.22142857142857142,5.289990667733946e-12,5.290427647331972e-12,1.1243714896900352,2.4019816809522476,2.7007197208204534
weak,0.3,1.0,200,0.28214285714285714,2.7367419441759466e-10,2.7367358413044607e-10,1.1012811346886737,2.959059416337102,3.2587563116349285
weak,0.3,1.0,200,0.34285714285714286,5.81320169779076e-09,5.8132022451931935e-09,1.086280692318185,3.5097612350629834,3.8125858642957455
weak,0.3,1.0,200,0.4035714285714286,6.704927146827799e-08,6.704927201711703e-08,1.07592266254002,4.053979429012925,4.361768341146056
weak,0.3,1.0,200,0.4642857142857143,5.025995525320681e-07,5.02599552549768e-07,1.0687466504101137,4.588942762886321,4.904417206758488
weak,0.3,1.0,200,0.525,2.7964331847929458e-06,2.796433184728216e-06,1.0643060389152725,5.108065998403158,5.436545489278252
weak,0.3,1.0,200,0.5857142857142857,1.2928473216544667e-05,1.292847321690844e-05,1.0629934903635638,5.599028322682595,5.951730659372822
weak,0.3,1.0,200,0.6464285714285714,5.5050943687739995e-05,5.505094368921009e-05,1.0664337492126934,6.042747014410808,6.444189354121927
weak,0.3,1.0,200,0.7071428571428571,0.00023336398709794537,0.0002333639870977995,1.078581645631524,6.418934568123627,6.923345009687858
weak,0.3,1.0,200,0.7678571428571428,0.0009909196104620488,0.000990919610462312,1.1071306842081243,6.720529956278573,7.440504928735892
weak,0.3,1.0,200,0.8285714285714285,0.003851379193524407,0.0038513791935239363,1.1623556361821088,6.958343643253267,8.088069952227384
weak,0.3,1.0,200,0.8892857142857142,0.012171458962922377,0.012171458962922826,1.2491276442837407,7.144970502369612,8.924980172101769
weak,0.3,1.0,200,0.95,0.02965604039040326,0.029656040390403347,1.357986347163623,7.284689052355398,9.892508276430943
weak,0.3,1.0,500,0.1,-4.440892098500626e-16,3.0574622284299682e-40,1.2515211331147527,1.2556037781886904,1.5714146632218744
weak,0.3,1.0,500,0.16071428571428573,2.4424906541753444e-15,3.87137999216851e-31,1.164400300465161,1.8362338378588219,2.138111232527108
weak,0.3,1.0,500,0.22142857142857142,1.1102230246251565e-16,1.0699140998520692e-26,1.1243714897159935,2.401981681030933,2.7007197209712768
weak,0.3,1.0,500,0.28214285714285714,9.992007221626409e-16,2.2064127827700754e-23,1.101281135990935,2.9590594206443335,3.2587563202318695
weak,0.3,1.0,500,0.34285714285714286,2.1094237467877974e-15,1.085457103815766e-20,1.0862807194304953,3.5097613252949467,3.8125860574707233
weak,0.3,1.0,500,0.4035714285714286,2.220446049250313e-16,2.045638685891728e-18,1.0759229722895474,4.053980399532391,4.361770641068457
weak,0.3,1.0,500,0.4642857142857143,-1.1102230246251565e-15,1.9301230909366748e-16,1.068748973596792,4.588949232144678,4.904434781742412
weak,0.3,1.0,500,0.525,1.1102230246251565e-14,1.1046624939687346e-14,1.0643191062996016,5.108096650131475,5.43664486155992
weak,0.3,1.0,500,0.5857142857142857,4.5430326167661406e-13,4.549115359330514e-13,1.0630553777827765,5.599143545832924,5.952199657375414
weak,0.3,1.0,500,0.6464285714285714,1.6120438317557273e-11,1.6120483666826264e-11,1.0667097120503002,6.04312436520243,6.446259451489237
weak,0.3,1.0,500,0.7071428571428571,5.93200044640696e-10,5.9320237713206e-10,1.0798567652704012,6.420104776371824,6.932793576509931
weak,0.3,1.0,500,0.7678571428571428,2.631078710457757e-08,2.6310789121414347e-08,1.1134486544157884,6.724209083885665,7.487061556462915
weak,0.3,1.0,500,0.8285714285714285,1.4418118925441092e-06,1.4418118920489274e-06,1.1941429392796832,6.970120335795475,8.3233199849199
weak,0.3,1.0,500,0.8892857142857142,7.879293838219947e-05,7.87929383827505e-05,1.399985819329431,7.179535114839208,10.05124735015259
weak,0.3,1.0,500,0.95,0.002430711923454232,0.002430711923454542,1.9881531578588316,7.363120698559114,14.639011668536028
weak,0.3,1.0,1000,0.1,-4.440892098500626e-16,3.351772468825394e-77,1.2515211331147524,1.2556037781886902,1.5714146632218737
weak,0.3,1.0,1000,0.16071428571428573,2.220446049250313e-15,5.742065995004767e-55,1.1644003004651609,1.8362338378588219,2.1381112325271077
weak,0.3,1.0,1000,0.22142857142857142,1.1102230246251565e-16,8.494131398786332e-46,1.1243714897159933,2.401981681030933,2.7007197209712763
weak,0.3,1.0,1000,0.28214285714285714,8.881784197001252e-16,2.2467047753500572e-40,1.101281135990935,2.959059420644332,3.2587563202318677
weak,0.3,1.0,1000,0.34285714285714286,2.3314683517128287e-15,4.438339157779961e-36,1.0862807194304955,3.509761325294947,3.8125860574707247
weak,0.3,1.0,1000,0.4035714285714286,3.3306690738754696e-16,2.0492546026129453e-32,1.0759229722895474,4.0539803995323895,4.361770641068455
weak,0.3,1.0,1000,0.4642857142857143,-4.440892098500626e-16,3.628672394218888e-29,1.0687489735967952,4.588949232144676,4.904434781742425
weak,0.3,1.0,1000,0.525,9.992007221626409e-16,3.304547311692051e-26,1.0643191062997568,5.108096650131465,5.436644861560702
weak,0.3,1.0,1000,0.5857142857142857,5.551115123125783e-16,1.9517876133378887e-23,1.06305537778955,5.599143545835395,5.952199657415966
weak,0.3,1.0,1000,0.6464285714285714,-2.220446049250313e-16,9.437355504469743e-21,1.0667097123113056,6.043124365275108,6.446259453144052
weak,0.3,1.0,1000,0.7071428571428571,-1.5543122344752192e-15,4.838644053851421e-18,1.0798567760034765,6.420104778488235,6.93279364770282
weak,0.3,1.0,1000,0.7678571428571428,1.887379141862766e-15,3.4583823286791514e-15,1.1134492100271465,6.724209161897464,7.487065379372033
weak,0.3,1.0,1000,0.8285714285714285,4.633848860180478e-12,4.634754832505249e-12,1.1941813856394643,6.970124267923989,8.323592656348726
weak,0.3,1.0,1000,0.8892857142857142,1.7290334941577612e-08,1.7290333350842663e-08,1.4031042136428604,7.179750646712265,10.07393838530703
weak,0.3,1.0,1000,0.95,6.611299926462255e-05,6.61129992637975e-05,2.187525528549673,7.369841036647505,16.1217154090194
