burst_name,delta,sigma,rho,P_block_arrival,P_block_arrival_stable,E_W,Cost,ERP,E_N,lambda_eff,E_B,E_S,E_I,E_off,N_states
weak,0.3,1.0,0.1,-4.440892098500626e-16,7.713243959522521e-18,1.2515211331147527,1.2556037781886906,1.5714146632218746,12.515211331147533,10.000000000000005,1.999999999999986,0.1030422604698066,2.0608452093961467,15.836112530134061,8442
weak,0.3,1.0,0.16071428571428573,2.5424107263916085e-14,2.511926057038349e-14,1.1644003004650303,1.836233837858507,2.1381112325265015,18.71357625747323,16.071428571428164,3.214285714285621,0.12842882293276606,2.5685764586553272,14.088709004126283,8442
weak,0.3,1.0,0.22142857142857142,5.289990667733946e-12,5.290427647331972e-12,1.1243714896900352,2.4019816809522476,2.7007197208204534,24.89679727157622,22.142857142740006,4.4285714285479765,0.15077058011407612,3.0154116022815436,12.405246389056405,8442
weak,0.3,1.0,0.28214285714285714,2.7367419441759466e-10,2.7367358413044607e-10,1.1012811346886737,2.959059416337102,3.2587563116349285,31.071860577355437,28.214285706564187,5.642857141312829,0.1713384894340323,3.4267697886806787,10.759034580572461,8442
weak,0.3,1.0,0.34285714285714286,5.81320169779076e-09,5.8132022451931935e-09,1.086280692318185,3.5097612350629834,3.8125858642957455,37.24390923440284,34.28571408640452,6.857142817280867,0.19060193026259964,3.8120386052520137,9.14021664720452,8442
weak,0.3,1.0,0.4035714285714286,6.704927146827799e-08,6.704927201711703e-08,1.07592266254002,4.053979429012925,4.361768341146056,43.421161684007636,40.35714015122583,8.071428030245109,0.20853889900063569,4.170777980012722,7.549255090741534,8442
weak,0.3,1.0,0.4642857142857143,5.025995525320681e-07,5.02599552549768e-07,1.0687466504101137,4.588942762886321,4.904417206758488,49.620355258431545,46.428548093592205,9.285709618718421,0.2245826620156898,4.491653240313799,5.998054478952089,8442
weak,0.3,1.0,0.525,2.7964331847929458e-06,2.796433184728216e-06,1.0643060389152725,5.108065998403158,5.436545489278252,55.875910789363694,52.4998531872578,10.499970637451494,0.23738722561636777,4.747744512327361,4.514897624604778,8442
weak,0.3,1.0,0.5857142857142857,1.2928473216544667e-05,1.292847321690844e-05,1.0629934903635638,5.599028322682595,5.951730659372822,62.26024235244066,58.570671332283034,11.71413426645656,0.24443774038313293,4.888754807662675,3.1526731854976324,8442
weak,0.3,1.0,0.6464285714285714,5.5050943687739995e-05,5.505094368921009e-05,1.0664337492126934,6.042747014410808,6.444189354121927,68.9335294379085,64.63929849256876,12.9278596985137,0.24185622086355452,4.837124417271079,1.9931596633516664,8442
weak,0.3,1.0,0.7071428571428571,0.00023336398709794537,0.0002333639870977995,1.078581645631524,6.418934568123627,6.923345009687858,76.25333172022184,70.69778354662664,14.139556709325408,0.22561429956410484,4.512285991282113,1.1225429998283745,8442
weak,0.3,1.0,0.7678571428571428,0.0009909196104620488,0.000990919610462312,1.1071306842081243,6.720529956278573,7.440504928735892,84.92758051460235,76.70962581562523,15.341925163125019,0.19482888481114538,3.896577696222912,0.5666682558409236,8442
weak,0.3,1.0,0.8285714285714285,0.003851379193524407,0.0038513791935239363,1.1623556361821088,6.958343643253267,8.088069952227384,95.93854272061083,82.53802858110797,16.50760571622156,0.15381629261545915,3.07632585230919,0.2622521388537924,8442
weak,0.3,1.0,0.8892857142857142,0.012171458962922377,0.012171458962922826,1.2491276442837407,7.144970502369612,8.924980172101769,109.73109309537514,87.84618097079725,17.569236194159423,0.11033505834793776,2.2067011669587693,0.11372758053387012,8442
weak,0.3,1.0,0.95,0.02965604039040326,0.029656040390403347,1.357986347163623,7.284689052355398,9.892508276430943,125.18281567423963,92.18267616291169,18.436535232582354,0.072205259610594,1.4441051922118842,0.04715431559516746,8442
medium,0.6,0.1,0.1,3.034239526300553e-13,3.051596818708867e-13,1.2703316415560433,1.4394787196828855,1.8286153649597514,12.703316415556564,9.999999999996955,1.999999999999388,0.14066188456896514,2.8132376913793116,15.046100424052334,8442
medium,0.6,0.1,0.16071428571428573,6.590005208195748e-10,6.59002078383504e-10,1.1833021002767263,2.132722864911102,2.523655445357504,19.01735517048635,16.071428560837475,3.214285712167478,0.18908856094030527,3.781771218806132,12.814854508086086,8442
medium,0.6,0.1,0.22142857142857142,5.746528475292223e-08,5.7465286067469493e-08,1.143467802086506,2.8091600668654806,3.212184087367853,25.319642734057762,22.142855870411534,4.428571174082318,0.23407666464132856,4.681533292826587,10.655818868449767,8442
medium,0.6,0.1,0.28214285714285714,1.17658869547288e-06,1.1765886959340614e-06,1.1212637490436934,3.4723837371159947,3.893458007197031,31.635618554434927,28.214252517676062,5.642850503535192,0.2763618369219384,5.527236738438759,8.55355092110411,8442
medium,0.6,0.1,0.34285714285714286,1.1093493085478912e-05,1.1093493086863258e-05,1.1089733473310777,4.118139465964463,4.5669069083468266,38.02152154089998,34.285333937379896,6.857066787475983,0.3150780309937196,6.301560619874391,6.526294561655907,8442
medium,0.6,0.1,0.4035714285714286,6.742967039929937e-05,6.742967039439346e-05,1.105395804521105,4.732887907320051,5.2317144360202565,44.607608317584834,40.35442158830191,8.070884317660393,0.34748100790264885,6.949620158052992,4.632014516383966,8442
medium,0.6,0.1,0.4642857142857143,0.0003302678964559602,0.0003302678964520364,1.1143465569792401,5.287912890668933,5.892567523323066,51.72043147541903,46.41323756195046,9.282647512390097,0.3678229772779432,7.35645954555891,2.993069964773049,8442
medium,0.6,0.1,0.525,0.0015532691315308655,0.001553269131526613,1.149256008903706,5.739535977752449,6.5961962107510095,60.24222251359486,52.418453370594854,10.48369067411894,0.367834205194467,7.356684103889366,1.7917910167972275,8442
medium,0.6,0.1,0.5857142857142857,0.007409713305224996,0.0074097133052208435,1.2384202888605003,6.061241268288961,7.5063641623276,71.9985741890224,58.13743107783707,11.62748621556739,0.3456687550810668,6.913375101621339,1.1134699277302031,8442
medium,0.6,0.1,0.6464285714285714,0.028291820574736892,0.028291820574732483,1.3814077532205125,6.267405552153986,8.657842622322804,86.77173697842122,62.81399302713335,12.562798605426652,0.315901527594691,6.318030551893816,0.8032693150848409,8442
medium,0.6,0.1,0.7071428571428571,0.06702556438594143,0.06702556438593658,1.4996643203542857,6.391923441043238,9.585739522968733,98.93978486886826,65.97462080413729,13.194924160827423,0.29275203980885683,5.855040796177144,0.6572830031865768,8442
medium,0.6,0.1,0.7678571428571428,0.11161429912949272,0.11161429912948803,1.566613668156134,6.475667736760521,10.14486958684673,106.86706929975534,68.21533060255709,13.643066120511397,0.27541312278694075,5.508262455738833,0.5732583009628291,8442
medium,0.6,0.1,0.8285714285714285,0.15472899885235736,0.154728998852352,1.6029978995386345,6.541356820596128,10.485781243548313,112.26874726296361,70.03674009509068,14.007348019018126,0.260831000095278,5.216620001905559,0.5152009789810368,8442
medium,0.6,0.1,0.8892857142857142,0.19436231861527908,0.19436231861527417,1.6235309052490459,6.597878835982597,10.711860199306345,116.31658602362846,71.64420809457013,14.328841618914057,0.24766476205839236,4.95329524116786,0.4701983778596913,8442
medium,0.6,0.1,0.95,0.23025472691175364,0.23025472691174884,1.6353049301490477,6.649037602768594,10.873203972553886,119.58298280381325,73.12580094338371,14.62516018867672,0.2353377788159595,4.706755576319204,0.4327464561881166,8442
strong,0.9,0.01,0.1,1.3690316658099277e-09,1.369031678690146e-09,1.2774984753257577,1.5089603651651093,1.9276945658254256,12.774984735768223,9.999999986309687,1.9999999972619273,0.1548773801786861,3.097547603573716,14.747575018985671,8442
strong,0.9,0.01,0.16071428571428573,2.561553726798671e-06,2.5615537276098944e-06,1.1919373504838622,2.2455061940037098,2.676502703375883,19.156086920447688,16.071387403600827,3.2142774807201615,0.21216393400682945,4.243278680136601,12.330279905136406,8442
strong,0.9,0.01,0.22142857142857142,8.925356891054115e-05,8.925356891998317e-05,1.1573193552582055,2.958473018531934,3.423898086356175,25.62406990831173,22.140880813831053,4.428176162766225,0.2646555145844686,5.293110291689364,10.014058030959944,8442
strong,0.9,0.01,0.28214285714285714,0.0006202768134534464,0.0006202768134627285,1.1447336320936399,3.641311008360552,4.16833117618313,32.27780816027171,28.196785047048714,5.639357009409757,0.3111919946565655,6.22383989313127,7.825611102802408,8442
strong,0.9,0.01,0.34285714285714286,0.002059275109729808,0.0020592751097392543,1.1466217453974463,4.272384931635225,4.898809467321331,39.23178979806389,34.21511056766608,6.8430221135332046,0.3477160154568394,6.95432030913678,5.854941561873175,8442
strong,0.9,0.01,0.4035714285714286,0.005027119292893345,0.005027119292902478,1.169593066483671,4.794135384985741,5.6071875060633465,46.96414722693446,40.15426268567927,8.030852537135853,0.3630912135411053,7.26182427082211,4.344231978500931,8442
strong,0.9,0.01,0.4642857142857143,0.012085755696671363,0.012085755696681634,1.2577375712774739,5.133512474383929,6.456611511654258,57.689211462093596,45.86744705693981,9.173489411387967,0.3446304274552825,6.892608549105645,3.589271612051106,8442
strong,0.9,0.01,0.525,0.04129209929249911,0.04129209929250929,1.5229426862186688,5.312877590978369,8.091208069955567,76.65300224413272,50.332164787143306,10.066432957428686,0.31263940546026026,6.252788109205201,3.368139527905852,8442
strong,0.9,0.01,0.5857142857142857,0.11438388158267454,0.11438388158268425,1.7790513989379755,5.372507869579238,9.557967641180225,92.28260052869463,51.871801221585706,10.37436024431716,0.3011526605181282,6.023053210362551,3.3014338848021607,8442
strong,0.9,0.01,0.6464285714285714,0.18996426349672058,0.18996426349673,1.8717892411675512,5.395395986746441,10.099044159830571,98.01254569828512,52.363024395390056,10.472604879078014,0.2982781416995769,5.965562833991535,3.263554145230874,8442
strong,0.9,0.01,0.7071428571428571,0.25419370729746926,0.2541937072974786,1.9057538594751604,5.41345286466222,10.31670868991689,100.50785632366487,52.73915926967844,10.547831853935696,0.2961857717921731,5.923715435843471,3.2322669384286598,8442
strong,0.9,0.01,0.7678571428571428,0.30857855709505255,0.3085785570950616,1.9207960549228058,5.430180668163696,10.430269604926913,101.9775391648148,53.09128936591508,10.618257873183026,0.29419078613108374,5.8838157226216685,3.2037356180642216,8442
strong,0.9,0.01,0.8285714285714285,0.3551281765686618,0.3551281765686711,1.9278832600387479,5.446224583720549,10.499685205366346,103.01111487043971,53.43223679859606,10.68644735971923,0.29222792239630435,5.844558447926092,3.176766269958374,8442
strong,0.9,0.01,0.8892857142857142,0.39539812049744594,0.39539812049745515,1.93090901349441,5.461837739099528,10.54631172067121,103.8179905207413,53.76638142719088,10.753276285438183,0.29028158643882057,5.805631728776411,3.150810399346586,8442
strong,0.9,0.01,0.95,0.4305692107165602,0.43056921071656995,1.9315899996899617,5.47715381330452,10.57961553254275,104.49114771906714,54.09592498192627,10.819184996385246,0.28834525534574207,5.766905106914835,3.125564641354177,8442
