sweep_var,delta,sigma,alpha,beta,rho,P_block_arrival,P_block_arrival_stable,E_W,Cost,ERP,E_N,lambda_eff,E_B,E_S,E_I,E_off,N_states
sigma,0.6,0.001,0.1,0.005,0.7,0.08953270253321977,0.08953270253285393,1.626230137675164,5.3141026009730945,8.641953804400423,103.64405509560756,63.73271082269798,12.746542164539587,0.1067277878834593,2.134555757669189,5.012174289907765,8442
sigma,0.6,0.0019306977288832496,0.1,0.005,0.7,0.09143837436003155,0.09143837435988213,1.6306365238299068,5.421363962052687,8.840274085498324,103.707363964332,63.599313794807294,12.719862758961447,0.13072503077871603,2.6145006155743213,4.534911594685514,8442
sigma,0.6,0.003727593720314938,0.1,0.005,0.7,0.09381411180824861,0.09381411180837299,1.636070831818065,5.582659123137139,9.133625755347689,103.78090099128406,63.43301217341472,12.686602434682925,0.1662834642892329,3.325669285784651,3.8214448152431912,8442
sigma,0.6,0.0071968567300115215,0.1,0.005,0.7,0.09562259723244504,0.09562259723243349,1.6395679658665394,5.787447949539639,9.488914262185181,103.79517530418971,63.30641819372959,12.66128363874595,0.21012953369940648,4.202590673988133,2.925996153566511,8442
sigma,0.6,0.013894954943731374,0.1,0.005,0.7,0.09495694214865347,0.09495694214868411,1.6346528395462037,5.995806156995293,9.801061559900967,103.56018430997659,63.3530140495923,12.670602809918439,0.25204141638510946,5.040828327702206,2.0365274459942455,8442
sigma,0.6,0.026826957952797246,0.1,0.005,0.7,0.0898718014603993,0.08987180146041292,1.6125933833792752,6.1663395359612,9.94379833536106,102.73666976942872,63.70897389777116,12.74179477955419,0.281455137700535,5.62910275401071,1.347647328734564,8442
sigma,0.6,0.0517947467923121,0.1,0.005,0.7,0.07897005023717518,0.07897005023718277,1.5651523453043095,6.289960209953816,9.844745974480002,100.90865301767491,64.47209648339724,12.894419296679413,0.295006780800183,5.900135616003678,0.9104383065167263,8442
sigma,0.6,0.1,0.1,0.005,0.7,0.06193513225496716,0.06193513225496208,1.4887139929742208,6.380056399188036,9.49807923743595,97.75572064506838,65.66454074215258,13.132908148430493,0.2950945822693376,5.901891645386785,0.6701056239133842,8442
sigma,0.6,0.19306977288832497,0.1,0.005,0.7,0.04110452009702237,0.04110452009702149,1.39020669370439,6.4468739785372176,8.962487358431092,93.31440403068027,67.12268359320848,13.42453671864163,0.2863320600241285,5.726641200482586,0.562490020851656,8442
sigma,0.6,0.3727593720314938,0.1,0.005,0.7,0.02181319898998535,0.021813198989985867,1.287563886445106,6.488595711678867,8.35448151210029,88.16345994244307,68.47307607070093,13.694615214140166,0.2740927879687633,5.481855759375285,0.549436238515786,8442
sigma,0.6,0.7196856730011514,0.1,0.005,0.7,0.008882533834812412,0.008882533834811152,1.1996728240093575,6.498687442539231,7.796298716545189,83.23116826915728,69.37822263156315,13.875644526312579,0.2622321591443549,5.244643182887094,0.6174801316559726,8442
sigma,0.6,1.3894954943731375,0.1,0.005,0.7,0.0027771238669442866,0.002777123866944781,1.1362797513046254,6.4768785346655715,7.359545930600063,79.3186913181426,69.80560132931387,13.96112026586272,0.2511951407207635,5.0239028144152815,0.7637817790012353,8442
sigma,0.6,2.6826957952797246,0.1,0.005,0.7,0.0007193110651519952,0.0007193110651512024,1.0968508620655864,6.431819313838658,7.054746559034021,76.72433195725768,69.94964822543936,13.989929645087823,0.23976020939709153,4.795204187941823,0.9751059575732622,8442
sigma,0.6,5.179474679231207,0.1,0.005,0.7,0.00018253223923614392,0.00018253223923664512,1.0749929704383097,6.377470839220495,6.855736321337339,75.23577246949768,69.98722274325347,13.997444548650705,0.22806279340120425,4.561255868024091,1.2132367899239997,8442
sigma,0.6,10.0,0.1,0.005,0.7,5.579659241283785e-05,5.5796592412696046e-05,1.0636612935436514,6.327697386161936,6.730526786917786,74.45213614075931,69.9960942385311,13.99921884770616,0.2177429821965513,4.354859643931035,1.4281785261662534,8442
sigma,0.6,0.001,1.0,0.005,0.7,0.08631135631866416,0.08631135631829727,1.6131450741798095,5.400015415841503,8.711008268559757,103.17386344223829,63.95820505771696,12.791641011543367,0.012982364287915438,2.596472857583105,4.598903766585612,8442
sigma,0.6,0.0019306977288832496,1.0,0.005,0.7,0.08592668688646155,0.08592668688631135,1.6115544208466615,5.490161249622146,8.8476936329896,103.11552221084084,63.985131917957254,12.797026383591426,0.014919363785383345,2.9838727570766763,4.204181495546514,8442
sigma,0.6,0.003727593720314938,1.0,0.005,0.7,0.08512441833385265,0.08512441833397635,1.6080848914311698,5.631613669710866,9.05611285663929,102.98383202915164,64.04129071662236,12.80825814332445,0.017935822438764668,3.587164487752954,3.5866415464838317,8442
sigma,0.6,0.0071968567300115215,1.0,0.005,0.7,0.0834514941117438,0.08345149411173243,1.6005059485922226,5.8219595123629935,9.318080832000046,102.68589350932396,64.15839541217869,12.831679082435713,0.02192627643172543,4.385255286345082,2.76113935478748,8442
sigma,0.6,0.013894954943731374,1.0,0.005,0.7,0.0800966935868277,0.08009669358685867,1.584718128587056,6.027919599885375,9.552553467603586,102.04512123540579,64.39323144892008,12.878646289783994,0.02606535181123103,5.213070362246228,1.8822179961585472,8442
sigma,0.6,0.026826957952797246,1.0,0.005,0.7,0.0738770535737453,0.07387705357375904,1.5547016144476582,6.20361936939635,9.644777049019268,100.789138799013,64.82860624983692,12.965721249967375,0.029207802371974567,5.84156047439492,1.1635104732657302,8442
sigma,0.6,0.0517947467923121,1.0,0.005,0.7,0.0635121528571897,0.0635121528571975,1.503794933436,6.331859636417826,9.521818440473039,98.5799975830414,65.55414929999621,13.110829859999217,0.030827422806807375,6.165484561361492,0.6928581558324834,8442
sigma,0.6,0.1,1.0,0.005,0.7,0.04854984485207048,0.048549844852066266,1.4284574190968076,6.4239294152071675,9.176309632906895,95.1374223115312,66.60151086035535,13.320302172071068,0.031120043851283714,6.224008770256759,0.4245690138208887,8442
sigma,0.6,0.19306977288832497,1.0,0.005,0.7,0.03094359016421344,0.030943590164212827,1.3342892583963657,6.492003341393499,8.66221032389466,90.5101090896826,67.8339486885051,13.566789737700997,0.030579297910005656,6.115859582001145,0.28677138238785177,8442
sigma,0.6,0.3727593720314938,1.0,0.005,0.7,0.01526306295552926,0.015263062955530168,1.237353391654074,6.5381390092215526,8.089988478166095,85.2927312257313,68.93158559311286,13.786317118622573,0.029779135846460823,5.955827169292184,0.22807657623878166,8442
sigma,0.6,0.7196856730011514,1.0,0.005,0.7,0.005427620046025261,0.00542762004602572,1.1555028097301663,6.560652009143051,7.580851830226656,80.44618256617855,69.62006659677824,13.924013319355566,0.029136011747849803,5.827202349569961,0.2196483193266226,8442
sigma,0.6,1.3894954943731375,1.0,0.005,0.7,0.001332703804949209,0.0013327038049503878,1.098444191022196,6.562741539434642,7.208805321172046,76.78862031885072,69.90671073365353,13.981342146730672,0.028708150009448413,5.741630001889693,0.2483197013701872,8442
sigma,0.6,2.6826957952797246,1.0,0.005,0.7,0.00023236282889183002,0.00023236282889172718,1.065283561728885,6.551371969529568,6.9790688659112385,74.55252205988369,69.98373460197757,13.996746920395513,0.02833092191028412,5.666184382056825,0.30873777563737853,8442
sigma,0.6,5.179474679231207,1.0,0.005,0.7,3.335166464246697e-05,3.3351664642361336e-05,1.0486456960597117,6.532438874453443,6.85021391046875,73.40275053860896,69.99766538347502,13.99953307669497,0.027891725124241037,5.578345024848207,0.3942301733325823,8442
sigma,0.6,10.0,1.0,0.005,0.7,5.129051543151242e-06,5.129051542479686e-06,1.040942756477732,6.510940708674316,6.777516568550521,72.86561922000764,69.99964096639198,13.999928193278368,0.027415905861124017,5.483181172224811,0.48947472863569647,8442
sigma,0.6,0.001,10.0,0.005,0.7,0.08610494703841864,0.08610494703805202,1.6110794032743605,5.467889096044971,8.809203502026513,103.06502476068921,63.97265370733415,12.794530741466838,0.0014558709893560179,2.9117419787120387,4.292271408831767,8442
sigma,0.6,0.0019306977288832496,10.0,0.005,0.7,0.0855661727845598,0.08556617278441037,1.608475590860588,5.54487547885244,8.918796862095563,102.95911433734385,64.01036790509038,12.80207358101806,0.0016200833708253615,3.240166741650734,3.9561395939603803,8442
sigma,0.6,0.003727593720314938,10.0,0.005,0.7,0.08453698820106348,0.08453698820118659,1.6034902935996656,5.6683387445029325,9.089126157645367,102.75552374982499,64.08241082591759,12.816482165183498,0.0018815060450786626,3.7630120901573365,3.418624238614087,8442
sigma,0.6,0.0071968567300115215,10.0,0.005,0.7,0.08259337836436453,0.08259337836435213,1.5940457621549475,5.840226733039222,9.309588673825205,102.36716961738325,64.21846351449524,12.84369270289904,0.0022395099465696974,4.479019893139395,2.6750478940149955,8442
sigma,0.6,0.013894954943731374,10.0,0.005,0.7,0.07900741715854609,0.07900741715857662,1.5765563795776423,6.034618577349645,9.513916416438338,101.63977124156376,64.46948079889978,12.893896159779963,0.0026282057254971387,5.256411450994296,1.8470641835002435,8442
sigma,0.6,0.026826957952797246,10.0,0.005,0.7,0.07267856878800161,0.07267856878801503,1.5455576228842385,6.207447721013004,9.593968143867043,100.32600948115243,64.91250018483898,12.982500036967803,0.0029371753770492757,5.874350754098559,1.1402120335565884,8442
sigma,0.6,0.0517947467923121,10.0,0.005,0.7,0.062353499808900814,0.06235349980890792,1.4945845720195412,6.3364438236794625,9.470351180339835,98.09743952356067,65.63525501337644,13.127051002675273,0.0031024893029892265,6.204978605978488,0.6648679020432493,8442
sigma,0.6,0.1,10.0,0.005,0.7,0.047568500833580996,0.047568500833576326,1.4199776163177222,6.429610276696353,9.129902674555218,94.67019869245765,66.67020494164962,13.334040988329898,0.0031364662511369685,6.27293250227395,0.38989004314501485,8442
sigma,0.6,0.19306977288832497,10.0,0.005,0.7,0.03023118410006176,0.030231184100061467,1.3270031940666402,6.498865897812497,8.624015804207946,90.08204213438097,67.88381711299571,13.576763422599136,0.0030877383954415897,6.175476790883184,0.244672048122239,8442
sigma,0.6,0.3727593720314938,10.0,0.005,0.7,0.01483329655554444,0.014833296555545914,1.2313130191092596,6.546905241265961,8.061289658445427,84.91340115608753,68.96166924111179,13.79233384822236,0.003014633134841568,6.029266269683147,0.17538524895965252,8442
sigma,0.6,0.7196856730011514,10.0,0.005,0.7,0.005220914258594167,0.005220914258594036,1.1505174215214764,6.572946394257156,7.562289337319629,80.1157468097486,69.63453600189843,13.926907200379715,0.002960252383476187,5.920504766952371,0.14962778028443813,8442
sigma,0.6,1.3894954943731375,10.0,0.005,0.7,0.0012571486147613387,0.001257148614761214,1.0943003744316089,6.5811364759087025,7.2017401097724125,76.50472733622313,69.91199959696668,13.982399919393284,0.002932184583079924,5.864369166159852,0.15029872986378384,8442
sigma,0.6,2.6826957952797246,10.0,0.005,0.7,0.00021165224752173195,0.0002116522475213789,1.0617976781373943,6.57903282529727,6.985601778290343,74.31010623906822,69.98518434267348,13.99703686853468,0.0029153385695830695,5.830677139166133,0.16937065372960333,8442
sigma,0.6,5.179474679231207,10.0,0.005,0.7,2.871955868988252e-05,2.8719558689796836e-05,1.0456374188437014,6.572040358585468,6.871971317087943,73.19251720189378,69.99798963089171,13.999597926178307,0.0028977207237601984,5.795441447520386,0.20206290557754641,8442
sigma,0.6,10.0,10.0,0.005,0.7,4.095963801797886e-06,4.095963802536858e-06,1.0382505544429175,6.563101781912228,6.81414406393567,72.67724112643604,69.99971328253388,13.999942656506741,0.002877638454644398,5.7552769092888205,0.2419027957497938,8442
