burst_name,delta,sigma,K,rho,n_target,gamma,P_block_arrival,E_W,Cost,ERP
weak,0.3,1.0,100,0.1,10,1.0,1.0325074129013956e-14,1.2000109530730143,2.403443577648437,2.884158618271116
weak,0.3,1.0,100,0.16071428571428573,10,1.0,7.773430787949565e-10,1.125183758021565,2.5329295709303956,2.8500112134234126
weak,0.3,1.0,100,0.22142857142857142,10,1.0,7.877198791028661e-07,1.09737568444254,2.716697310389522,2.981237570411909
weak,0.3,1.0,100,0.28214285714285714,10,1.0,3.728078788245437e-05,1.0910129037613727,3.032782417330794,3.308804751608505
weak,0.3,1.0,100,0.34285714285714286,10,1.0,0.00028957598851986344,1.0847150664361032,3.509159172832735,3.8064378252941213
weak,0.3,1.0,100,0.4035714285714286,10,1.0,0.0010150652496710988,1.0749931419168792,4.035645792769224,4.338291550432623
weak,0.3,1.0,100,0.4642857142857143,10,1.0,0.0027315253969766307,1.0665768442239676,4.544529259869067,4.847089676474633
weak,0.3,1.0,100,0.525,10,1.0,0.006377071536729506,1.0596126932972174,5.0177975011428835,5.316921924606058
weak,0.3,1.0,100,0.5857142857142857,10,1.0,0.013270673351501783,1.053601746680177,5.440651383017016,5.732279800224649
weak,0.3,1.0,100,0.6464285714285714,10,1.0,0.02476407065129993,1.0482994615159515,5.802077502953353,6.0823147220198175
weak,0.3,1.0,100,0.7071428571428571,10,1.0,0.04157401097200408,1.0436351682222325,6.0995839515307315,6.365740323341404
weak,0.3,1.0,100,0.7678571428571428,10,1.0,0.0633840420140166,1.0395869573596863,6.338879888489672,6.589816856343486
weak,0.3,1.0,100,0.8285714285714285,10,1.0,0.08907991973157903,1.0361117134310975,6.529748710732552,6.765549124951604
weak,0.3,1.0,100,0.8892857142857142,10,1.0,0.11728487510070795,1.033138332167014,6.682191172554093,6.9036278432336795
weak,0.3,1.0,100,0.95,10,1.0,0.1467607646804433,1.0305861012785018,6.804628539245331,7.0127555969092725
weak,0.3,1.0,200,0.1,10,1.0,5.995204332975845e-15,1.2000109530730354,2.403443577648466,2.884158618271202
weak,0.3,1.0,200,0.16071428571428573,10,1.0,5.10702591327572e-15,1.1251837596484684,2.532929575948371,2.8500112231903887
weak,0.3,1.0,200,0.22142857142857142,10,1.0,9.847678228425139e-14,1.0973771353373254,2.7167069517222875,2.9812520922320016
weak,0.3,1.0,200,0.28214285714285714,10,1.0,6.677391972687019e-11,1.0910644635724451,3.033444763819394,3.30968378401325
weak,0.3,1.0,200,0.34285714285714286,10,1.0,4.255410357423273e-09,1.0850058822601425,3.51476873527897,3.813544752561724
weak,0.3,1.0,200,0.4035714285714286,10,1.0,6.482201686530686e-08,1.0758764732363042,4.054048600914738,4.361655511080722
weak,0.3,1.0,200,0.4642857142857143,10,1.0,5.019511790660403e-07,1.0687459263719337,4.588942923726485,4.904414056085992
weak,0.3,1.0,200,0.525,10,1.0,2.796385363823539e-06,1.0643060316429147,5.108065997229277,5.4365454508812
weak,0.3,1.0,200,0.5857142857142857,10,1.0,1.2928471884610104e-05,1.0629934903067628,5.5990283226805815,5.951730659052651
weak,0.3,1.0,200,0.6464285714285714,10,1.0,5.505094367097563e-05,1.066433749212308,6.042747014410937,6.444189354119735
weak,0.3,1.0,200,0.7071428571428571,10,1.0,0.0002333639870986115,1.078581645631526,6.418934568123607,6.923345009687849
weak,0.3,1.0,200,0.7678571428571428,10,1.0,0.000990919610463159,1.1071306842081412,6.720529956278604,7.44050492873604
weak,0.3,1.0,200,0.8285714285714285,10,1.0,0.0038513791935239627,1.162355636182117,6.958343643253292,8.08806995222747
weak,0.3,1.0,200,0.8892857142857142,10,1.0,0.0121714589629206,1.2491276442837218,7.144970502369612,8.924980172101634
weak,0.3,1.0,200,0.95,10,1.0,0.029656040390404037,1.3579863471636235,7.284689052355393,9.892508276430938
weak,0.3,1.0,500,0.1,10,1.0,4.107825191113079e-15,1.2000109530730965,2.403443577648547,2.884158618271446
weak,0.3,1.0,500,0.16071428571428573,10,1.0,1.1324274851176597e-14,1.1251837596485594,2.5329295759485624,2.850011223190835
weak,0.3,1.0,500,0.22142857142857142,10,1.0,8.659739592076221e-15,1.0973771353378547,2.716706951723399,2.9812520922346595
weak,0.3,1.0,500,0.28214285714285714,10,1.0,1.4876988529977098e-14,1.0910644638932498,3.0334447647940257,3.309683786049779
weak,0.3,1.0,500,0.34285714285714286,10,1.0,1.432187701766452e-14,1.085005901935961,3.5147688007281728,3.813544892730447
weak,0.3,1.0,500,0.4035714285714286,10,1.0,1.1213252548714081e-14,1.075876771622615,4.0540495381744455,4.361657729129275
weak,0.3,1.0,500,0.4642857142857143,10,1.0,5.329070518200751e-15,1.068748245824054,4.5889493841652875,4.904431604502024
weak,0.3,1.0,500,0.525,10,1.0,1.5432100042289676e-14,1.0643190987023134,5.108096648385457,5.4366448208939175
weak,0.3,1.0,500,0.5857142857142857,10,1.0,4.57300863843102e-13,1.06305537771492,5.599143545817423,5.952199656978998
weak,0.3,1.0,500,0.6464285714285714,10,1.0,1.6120438317557273e-11,1.0667097120496911,6.043124365202421,6.446259451485547
weak,0.3,1.0,500,0.7071428571428571,10,1.0,5.931996005514861e-10,1.0798567652704403,6.420104776371867,6.932793576510227
weak,0.3,1.0,500,0.7678571428571428,10,1.0,2.6310789214001318e-08,1.1134486544159854,6.724209083885782,7.487061556464369
weak,0.3,1.0,500,0.8285714285714285,10,1.0,1.4418118934322877e-06,1.194142939279852,6.9701203357955865,8.323319984921211
weak,0.3,1.0,500,0.8892857142857142,10,1.0,7.879293837764756e-05,1.3999858193289683,7.179535114839273,10.051247350149357
weak,0.3,1.0,500,0.95,10,1.0,0.0024307119234528995,1.9881531578586988,7.363120698559075,14.639011668534973
weak,0.3,1.0,1000,0.1,10,1.0,5.551115123125783e-15,1.2000109530730354,2.4034435776484626,2.8841586182711976
weak,0.3,1.0,1000,0.16071428571428573,10,1.0,1.1102230246251565e-14,1.1251837596486416,2.532929575948373,2.85001122319083
weak,0.3,1.0,1000,0.22142857142857142,10,1.0,5.88418203051333e-15,1.0973771353378179,2.7167069517231823,2.9812520922343215
weak,0.3,1.0,1000,0.28214285714285714,10,1.0,1.3322676295501878e-14,1.091064463893337,3.0334447647936296,3.3096837860496113
weak,0.3,1.0,1000,0.34285714285714286,10,1.0,1.3655743202889425e-14,1.0850059019359597,3.5147688007281506,3.8135448927304183
weak,0.3,1.0,1000,0.4035714285714286,10,1.0,3.186340080674199e-14,1.0758767716229898,4.054049538174451,4.361657729130801
weak,0.3,1.0,1000,0.4642857142857143,10,1.0,1.2989609388114332e-14,1.0687482458241748,4.588949384165283,4.904431604502574
weak,0.3,1.0,1000,0.525,10,1.0,1.1213252548714081e-14,1.0643190987025537,5.1080966483855,5.43664482089519
weak,0.3,1.0,1000,0.5857142857142857,10,1.0,1.4988010832439613e-14,1.063055377721798,5.5991435458199135,5.952199657020155
weak,0.3,1.0,1000,0.6464285714285714,10,1.0,5.10702591327572e-15,1.0667097123106823,6.043124365275191,6.446259453140374
weak,0.3,1.0,1000,0.7071428571428571,10,1.0,1.1102230246251565e-14,1.0798567760036577,6.420104778488379,6.932793647704138
weak,0.3,1.0,1000,0.7678571428571428,10,1.0,2.220446049250313e-15,1.1134492100280249,6.7242091618977025,7.487065379378204
weak,0.3,1.0,1000,0.8285714285714285,10,1.0,4.635625217019879e-12,1.194181385640448,6.970124267924313,8.323592656355968
weak,0.3,1.0,1000,0.8892857142857142,10,1.0,1.7290331166819328e-08,1.403104213640134,7.179750646712289,10.073938385287489
weak,0.3,1.0,1000,0.95,10,1.0,6.611299925984859e-05,2.187525528548175,7.3698410366476015,16.121715409008573
