sweep_var,delta,sigma,alpha,beta,rho,n_target,gamma,P_block_arrival,E_W,Cost,ERP,E_N,lambda_eff,E_B,E_S,E_I,E_off,N_states
delta,0.0,0.1,0.1,0.005,0.7,10,5.0,4.150116888435029e-05,1.0788884400487588,6.129321561633335,6.612854178187812,75.51905654421807,69.99709491817809,13.999418983635474,0.45092812451403746,3.0865119417313105,2.463140950119178,92862
delta,0.06785714285714285,0.1,0.1,0.005,0.7,10,5.0,0.00013009671630637154,1.090692216434882,6.142376356822854,6.699442082800335,76.33852246713145,69.99089322985841,13.998178645971548,0.505674126370835,3.0552059128923807,2.440941314765237,92862
delta,0.1357142857142857,0.1,0.1,0.005,0.7,10,5.0,0.0006397738753672888,1.1193184636005225,6.18899105919856,6.927451963619503,78.3021647022507,69.95521582872436,13.991043165744744,0.5780822456448144,3.1530546262403805,2.277819962370062,92862
delta,0.20357142857142857,0.1,0.1,0.005,0.7,10,5.0,0.002379483770063473,1.1664090605747788,6.240081079010916,7.278487109279575,81.45435264021215,69.83343613609566,13.966687227218921,0.6547401012868685,3.2923596646954145,2.086213006798795,92862
delta,0.2714285714285714,0.1,0.1,0.005,0.7,10,5.0,0.006678411062220224,1.2318495564533125,6.274097423015776,7.728744127686856,85.65359311239543,69.53251122564473,13.906502245128861,0.7264458355971855,3.4239480984112527,1.9431038208627012,92862
delta,0.33928571428571425,0.1,0.1,0.005,0.7,10,5.0,0.01512297793718087,1.313159472834841,6.2818466356676765,8.249066416522686,90.53104137694139,68.9413915443975,13.78827830887945,0.7911274003692128,3.5475365582582605,1.8730577324930766,92862
delta,0.40714285714285714,0.1,0.1,0.005,0.7,10,5.0,0.02912899658191459,1.4042189590853205,6.262467484651934,8.793875572603604,95.4320828878108,67.96097023926617,13.592194047853196,0.8515398884992158,3.6877511182427907,1.868514945404797,92862
delta,0.475,0.1,0.1,0.005,0.7,10,5.0,0.0492147877068535,1.495567451488597,6.219370800961631,9.30148853865678,99.53743918036176,66.55496486052049,13.310992972104069,0.9117251702752072,3.865069213743064,1.9122126438776603,92862
delta,0.5428571428571428,0.1,0.1,0.005,0.7,10,5.0,0.07453742227763027,1.5794100611285777,6.158230942671283,9.72637190960835,102.3179434516893,64.78238044056611,12.956476088113218,0.974167047287011,4.080836465696335,1.988520398903435,92862
delta,0.6107142857142857,0.1,0.1,0.005,0.7,10,5.0,0.10352990321471456,1.653811355407013,6.084996182631268,10.063435784443918,103.78146980924348,62.75290677497025,12.550581354994007,1.039241864703187,4.324230227181934,2.0859465531208725,92862
delta,0.6785714285714285,0.1,0.1,0.005,0.7,10,5.0,0.13482674530281413,1.721010695552287,6.004179634194836,10.333257368466532,104.22806973877529,60.562127828803305,12.112425565760656,1.1063550876202672,4.58438606724062,2.196833279378457,92862
delta,0.7464285714285713,0.1,0.1,0.005,0.7,10,5.0,0.16754916352011062,1.784193673892406,5.918607596651161,10.559942232196539,103.96774613917077,58.27155855359256,11.654311710718506,1.1748528621455645,4.854417347313367,2.3164180798225624,92862
delta,0.8142857142857143,0.1,0.1,0.005,0.7,10,5.0,0.20118513660877757,1.8460693639090444,5.829944900194311,10.76248267352649,103.22673527192055,55.91704043738549,11.183408087477114,1.2442743189232588,5.130524979324695,2.4417926142749327,92862
delta,0.8821428571428571,0.1,0.1,0.005,0.7,10,5.0,0.23543409029625972,1.9087202605032754,5.739196018263643,10.95451971905954,102.15397096391514,53.519613679261745,10.70392273585233,1.314331678551373,5.4106278859519925,2.5711176996443044,92862
delta,0.95,0.1,0.1,0.005,0.7,10,5.0,0.27011002408160234,1.9738054805343257,5.647013304188842,11.146105808458188,100.84625842583607,51.09229831428786,10.218459662857537,1.3848553413306737,5.693560512590029,2.7031244832217602,92862
delta,0.0,0.1,1.0,0.005,0.7,10,5.0,1.2651207159652955e-07,1.0378458804370214,6.319601973851427,6.558772874563372,72.64920243958923,69.99999114415499,13.999998228830872,0.06689491161695674,4.569088297719084,1.3640185618330873,92862
delta,0.06785714285714285,0.1,1.0,0.005,0.7,10,5.0,7.009704475757772e-07,1.0399656836259037,6.307929614400408,6.560030333704003,72.79754682484837,69.99995093206853,13.999990186413573,0.0720465081928876,4.508773773260417,1.4191895321331227,92862
delta,0.1357142857142857,0.1,1.0,0.005,0.7,10,5.0,7.232118546030009e-06,1.0466112778921282,6.309432546383277,6.603523260144386,73.2622596072707,69.99949375170185,13.999898750340234,0.07807769275290855,4.505536479374426,1.4164870775324312,92862
delta,0.20357142857142857,0.1,1.0,0.005,0.7,10,5.0,5.979821393886642e-05,1.0607678769251738,6.313484920562168,6.697141995183831,74.2493111430512,69.99581412502438,13.999162825004653,0.08438579166646805,4.514213130424315,1.4022382529045645,92862
delta,0.2714285714285714,0.1,1.0,0.005,0.7,10,5.0,0.00038213156420530137,1.0883000402314758,6.314443023247793,6.872008596239934,76.15189165043458,69.97325079050577,13.994650158101065,0.0905366126607472,4.515730008585417,1.3990832206527708,92862
delta,0.33928571428571425,0.1,1.0,0.005,0.7,10,5.0,0.0018355813264802068,1.1370561523796334,6.309633139226982,7.17440718021646,79.44782953374181,69.87150930714655,13.974301861429277,0.0963527017079687,4.51862881260812,1.4107166242546345,92862
delta,0.40714285714285714,0.1,1.0,0.005,0.7,10,5.0,0.006453154407057737,1.2104092658078414,6.295241008010617,7.619818046589546,84.18188155438973,69.54827919150615,13.909655838301223,0.1019433455547353,4.553256143342972,1.4351446728010693,92862
delta,0.475,0.1,1.0,0.005,0.7,10,5.0,0.01667457010291118,1.2991813164990993,6.266271102852766,8.14102234094452,89.42626185925229,68.83278009279645,13.766556018559225,0.10768963912329019,4.653759155971479,1.471995186346006,92862
delta,0.5428571428571428,0.1,1.0,0.005,0.7,10,5.0,0.033271451830842236,1.3871095007646066,6.221002528084363,8.629211710986457,93.86708476780728,67.67099837184129,13.534199674368292,0.11394756749677626,4.829920599003207,1.5219321591317252,92862
delta,0.6107142857142857,0.1,1.0,0.005,0.7,10,5.0,0.05501441162882892,1.4643120338134357,6.162304826434375,9.02353711337447,96.8627638182527,66.14899118598225,13.229798237196402,0.12079287248607903,5.0656487978791285,1.583760092438391,92862
delta,0.6785714285714285,0.1,1.0,0.005,0.7,10,5.0,0.08016931096899149,1.5297608912926,6.094425873061896,9.323014355491848,98.49847102832581,64.3881482321709,12.877629646434237,0.12810919260503145,5.339504691561219,1.654756469399513,92862
delta,0.7464285714285713,0.1,1.0,0.005,0.7,10,5.0,0.10743953847330556,1.5862631888562568,6.020678740561489,9.55038105808214,99.10850627638479,62.47923230686894,12.495846461373803,0.1357524659883583,5.636160504334732,1.7322405683031068,92862
delta,0.8142857142857143,0.1,1.0,0.005,0.7,10,5.0,0.1360339151030412,1.6369682120823679,5.9431658242247885,9.728773533390283,98.99995121055031,60.47762594278703,12.095525188557412,0.1436145718840332,5.946655217006284,1.8142050225522715,92862
delta,0.8821428571428571,0.1,1.0,0.005,0.7,10,5.0,0.16549039445432046,1.6843592585093377,5.86316043212377,9.875668557973281,98.39297862910871,58.415672388197486,11.683134477639452,0.15162510907334262,6.2659694784806526,1.8992709348065517,92862
delta,0.95,0.1,1.0,0.005,0.7,10,5.0,0.1955331592864057,1.7302552026538212,5.7814512078982645,10.003386031355191,97.4353055555026,56.312678849951624,11.262535769990308,0.1597400135448275,6.591236939929092,1.9864872765357733,92862
delta,0.0,0.1,10.0,0.005,0.7,10,5.0,5.1379600018996996e-08,1.0323401532449763,6.439916234878469,6.64818411279925,72.26380701426265,69.999996403428,13.999999280685493,0.007640872700148213,5.201179539729663,0.7911803068846952,92862
delta,0.06785714285714285,0.1,10.0,0.005,0.7,10,5.0,3.560726047346918e-07,1.033807135497047,6.417252243634483,6.634201159753763,72.36647371706519,69.99997507491753,13.999995014983373,0.008111147799245244,5.099936559353664,0.8919572778637175,92862
delta,0.1357142857142857,0.1,10.0,0.005,0.7,10,5.0,4.3934524632804894e-06,1.0390044808440673,6.394222254460473,6.643625573897285,72.72999412190909,69.99969245832764,13.999938491665407,0.008571127731804733,4.997175416066058,0.9943149645367297,92862
delta,0.20357142857142857,0.1,10.0,0.005,0.7,10,5.0,4.1897558083703323e-05,1.0508110061511082,6.372459229846432,6.696250294971845,73.55368858151611,69.99706717093424,13.999413434186613,0.009040881137562318,4.90079515032204,1.090750534353785,92862
delta,0.2714285714285714,0.1,10.0,0.005,0.7,10,5.0,0.0002968720910985212,1.0748894991198696,6.352728664024234,6.828481331717447,75.21992760985978,69.97921895362325,13.995843790724564,0.009525415154297315,4.8184741652831695,1.176156628837969,92862
delta,0.33928571428571425,0.1,10.0,0.005,0.7,10,5.0,0.0015299865361634302,1.1190888904861453,6.333555834625011,7.087811971802556,78.21636896856539,69.89290094246873,13.978580188493684,0.010017153722640806,4.761436804699354,1.249965853084321,92862
delta,0.40714285714285714,0.1,10.0,0.005,0.7,10,5.0,0.005635703682415283,1.1874996602866834,6.310272710903627,7.493446700514386,82.65650848548395,69.60550074223113,13.921100148446211,0.010518085194855864,4.753191160076155,1.315190606282778,92862
delta,0.475,0.1,10.0,0.005,0.7,10,5.0,0.015016169904479626,1.2721683462803641,6.276538206012244,7.98481322990812,87.71456751718651,68.94886810668666,13.789773621337293,0.01105431460418028,4.821634655464694,1.3775374085938328,92862
delta,0.5428571428571428,0.1,10.0,0.005,0.7,10,5.0,0.030578181116710068,1.357460450129166,6.229170728942898,8.45585290164225,92.11662450384453,67.85952732183054,13.571905464366138,0.01165368488774546,4.973775910094611,1.4426649406515057,92862
delta,0.6107142857142857,0.1,10.0,0.005,0.7,10,5.0,0.05126455152273013,1.4331968011251865,6.1698329695824565,8.842584875482286,95.18072269101887,66.41148139340918,13.28229627868179,0.01232017379008812,5.19231109714205,1.5130724503860726,92862
delta,0.6785714285714285,0.1,10.0,0.005,0.7,10,5.0,0.0754338141545593,1.4977554890041294,6.1020402031183885,9.139364208344439,96.93418558583393,64.71963300918117,12.943926601836294,0.013040261085021498,5.454544576826925,1.5884885602517596,92862
delta,0.7464285714285713,0.1,10.0,0.005,0.7,10,5.0,0.10181071500372985,1.5534976529692948,6.028736261889272,9.365627633215864,97.67344623147174,62.87324994973924,12.574649989947853,0.013798092851035452,5.743796441825572,1.6677554753755395,92862
delta,0.8142857142857143,0.1,10.0,0.005,0.7,10,5.0,0.12959516850261554,1.6033252198116716,5.951846143794924,9.542745026785248,97.6879412449978,60.928338204816825,12.185667640963365,0.014581626353204423,6.049951346123206,1.749799386560225,92862
delta,0.8821428571428571,0.1,10.0,0.005,0.7,10,5.0,0.15830959165262593,1.6495991858822032,5.872554438182548,9.687361020274851,97.19162686622798,58.9183285843161,11.78366571686318,0.015382838493443268,6.367130176869182,1.833821267774196,92862
delta,0.95,0.1,10.0,0.005,0.7,10,5.0,0.18766423480643102,1.6940771402253698,5.79159786729257,9.811413552358347,96.33116150013365,56.86350356354985,11.372700712709946,0.01619654907596399,6.691846529098634,1.9192562091154555,92862
