burst_name,delta,sigma,alpha,beta,rho,n_target,gamma,P_block_arrival,E_W,Cost,ERP,E_N,lambda_eff,E_B,E_S,E_I,E_off,N_states
strong,0.9,0.01,0.1,0.005,0.7,0,5.0,0.26789729197516354,1.9724787889469435,4.692124621735232,9.255116291468445,101.08399440367154,51.24718956173806,10.249437912347602,0.654947946907428,2.6255546676796917,6.4700594730652785,92862
strong,0.9,0.01,0.1,0.005,0.7,1,5.0,0.2678972918832465,1.9724787886614645,4.692124622271112,9.255116291185955,101.08399440173285,51.24718956817225,10.249437913634434,0.6549479469477627,2.6255546678432253,6.470059471574578,92862
strong,0.9,0.01,0.1,0.005,0.7,3,5.0,0.26789479908689473,1.9724710508851553,4.692139502515619,9.255109335426733,101.08394205024828,51.24736406391688,10.249472812783367,0.6549492972909136,2.625560214062328,6.470017675863391,92862
strong,0.9,0.01,0.1,0.005,0.7,4,5.0,0.267885412041194,1.9724419121181647,4.692196024270162,9.255084098144689,101.08374484341391,51.248021157115936,10.249604231423177,0.6549547531867523,2.6255826428556515,6.46985837253442,92862
strong,0.9,0.01,0.1,0.005,0.7,6,5.0,0.26784205365311253,1.9723073183547997,4.692459295638587,9.254971809869993,101.08283330401012,51.251056244281635,10.250211248856322,0.6549817007519859,2.6256930796179567,6.469113970773735,92862
strong,0.9,0.01,0.1,0.005,0.7,7,5.0,0.2678066899983096,1.9721975615028602,4.692675571421355,9.254883318881237,101.08209023738195,51.25353170011784,10.25070634002356,0.6550048833390534,2.625788010273062,6.468500766364324,92862
strong,0.9,0.01,0.1,0.005,0.7,9,5.0,0.26770508141762017,1.9718822801440883,4.693302001697147,9.254639052511385,101.07995616544972,51.260644300766096,10.252128860153215,0.6550753090943113,2.626076644783689,6.466719185968785,92862
strong,0.9,0.01,0.1,0.005,0.7,10,5.0,0.2676376352202854,1.9716730401002887,4.693720899400423,9.254482955103095,101.07853911541699,51.26536553457953,10.253073106915904,0.6551243768445231,2.626278035428206,6.465524480811368,92862
strong,0.9,0.01,0.1,0.005,0.7,11,5.0,0.2675583967342964,1.9714272339945218,4.694215492365824,9.25430426388899,101.07687267920237,51.27091222859877,10.25418244571975,0.6551838554657498,2.6265224677114962,6.464111231103006,92862
strong,0.9,0.01,0.1,0.005,0.7,13,5.0,0.2673627624897442,1.9708203426380588,4.695445620957411,9.253879747533658,101.07274600215446,51.284606625717416,10.256921325143479,0.6553373741332685,2.6271547919363583,6.460586508786895,92862
strong,0.9,0.01,0.1,0.005,0.7,14,5.0,0.26724558600584325,1.9704567779994044,4.6961874091429,9.25363431110109,101.07026311646278,51.29280897959048,10.25856179591811,0.6554329899263981,2.6275495574280643,6.458455656727427,92862
strong,0.9,0.01,0.1,0.005,0.7,16,5.0,0.2669708395321292,1.9696039641931269,4.6979383211891435,9.253077940948941,101.0643998228665,51.31204123275047,10.26240824655011,0.6556656127607313,2.628512649455878,6.453413491233279,92862
strong,0.9,0.01,0.1,0.005,0.7,17,5.0,0.2668126984758782,1.9691127918054514,4.698952373517368,9.252767226777637,101.06099459543185,51.32311110668804,10.264622221337614,0.6558039902234231,2.629087214278462,6.4504865741605,92862
strong,0.9,0.01,0.1,0.005,0.7,19,5.0,0.2664537075793426,1.9679967583072637,4.701268366370854,9.252080904950327,101.05317078865065,51.34824046944553,10.26964809388913,0.6561280337097497,2.630437159406657,6.443786712994463,92862
strong,0.9,0.01,0.1,0.005,0.7,20,5.0,0.2662525238020208,1.9673706122009653,4.702573686901125,9.251705273318818,101.04872550139625,51.36232333385806,10.272464666771613,0.6563148098096265,2.631217880809755,6.440002642609004,92862
strong,0.9,0.01,1.0,0.005,0.7,0,5.0,0.23046965032722355,1.8587234279788312,4.720238885240959,8.773618601654052,100.12408626342626,53.86712447709384,10.773424895418756,0.07108914303692514,2.8499676271006975,6.3055183344436205,92862
strong,0.9,0.01,1.0,0.005,0.7,1,5.0,0.2304696502958531,1.8587234278347717,4.720238885400666,8.773618601270908,100.12408625974783,53.86712447928977,10.773424895857937,0.07108914303618023,2.8499676270779237,6.305518334027958,92862
strong,0.9,0.01,1.0,0.005,0.7,3,5.0,0.23046860502214916,1.858718569658238,4.720244512029263,8.773606127836178,100.1239605646228,53.86719764844904,10.773439529689792,0.07108913980045059,2.849968184807354,6.305503145702403,92862
strong,0.9,0.01,1.0,0.005,0.7,4,5.0,0.23046230321390093,1.8586891540891612,4.7202797212430845,8.77353272214153,100.12319594753436,53.86763877502642,10.773527755005276,0.0710892301030855,2.8499770696226907,6.305405945268948,92862
strong,0.9,0.01,1.0,0.005,0.7,6,5.0,0.23042822981135125,1.858529843625318,4.720476828871455,8.773147062599401,100.11904711950083,53.870023913204896,10.774004782640985,0.07109040778518336,2.8500538112622302,6.304850998311602,92862
strong,0.9,0.01,1.0,0.005,0.7,7,5.0,0.2304002134912757,1.8583988543214833,4.720643153319722,8.772837827789926,100.11563530737004,53.87198505561019,10.77439701112203,0.07109180988427685,2.850135053273098,6.304376125720596,92862
strong,0.9,0.01,1.0,0.005,0.7,9,5.0,0.23032002049932698,1.8580237246180469,4.721132302841721,8.771975825740553,100.10585635930381,53.8775985650466,10.77551971300931,0.07109701163957616,2.850423545171874,6.30295973017924,92862
strong,0.9,0.01,1.0,0.005,0.7,10,5.0,0.23026700001339817,1.857775383369519,4.721463471593292,8.771418611004409,100.09937133995858,53.881309999061614,10.776261999812329,0.07110109664347217,2.8506476168406145,6.301989286703584,92862
strong,0.9,0.01,1.0,0.005,0.7,11,5.0,0.23020489635477226,1.8574840693191061,4.721857545916851,8.770775169134762,100.09174991625929,53.88565725516543,10.777131451033082,0.0711063538270055,2.850936645768197,6.300825549371716,92862
strong,0.9,0.01,1.0,0.005,0.7,13,5.0,0.2300523697842668,1.8567663774950145,4.722849018523379,8.76922726357954,100.07290105515669,53.89633411510081,10.779266823020155,0.07112093629809195,2.8517484475012185,6.297863793180534,92862
strong,0.9,0.01,1.0,0.005,0.7,14,5.0,0.22996153991141732,1.8563374124419558,4.7234535593855265,8.768323558219475,100.06158417371299,53.90269220620027,10.780538441240065,0.07113054881187635,2.85229290789314,6.2960381020549185,92862
strong,0.9,0.01,1.0,0.005,0.7,16,5.0,0.2297500876889086,1.855334232633261,4.724898274607042,8.766265514588275,100.03497209954651,53.91749386177588,10.783498772355182,0.07115519381731625,2.8537221678702163,6.291623865957284,92862
strong,0.9,0.01,1.0,0.005,0.7,17,5.0,0.2296293372801117,1.8547586250991688,4.725745983104206,8.765118122190277,100.01961418421433,53.925946390391665,10.785189278078342,0.07117057029951393,2.854636803868559,6.289003347753585,92862
strong,0.9,0.01,1.0,0.005,0.7,19,5.0,0.2293578033476512,1.8534576386353712,4.727712310052695,8.762614494337644,99.98468662280169,53.944953765663904,10.788990753132786,0.07120839383636227,2.856954424770976,6.282846428259875,92862
strong,0.9,0.01,1.0,0.005,0.7,20,5.0,0.22920717855907513,1.852732441756616,4.72883941683779,8.76127419943281,99.96510063096918,53.955497500864226,10.791099500172848,0.07123126211878049,2.8583980390418997,6.279271198666471,92862
strong,0.9,0.01,10.0,0.005,0.7,0,5.0,0.22703659109878782,1.8418671127124762,4.730907113062089,8.713702224846585,99.65871175296786,54.107438623084334,10.821487724616855,0.007288756793774892,2.923487648196363,6.247735870393007,92862
strong,0.9,0.01,10.0,0.005,0.7,1,5.0,0.22703659109368657,1.8418671126641721,4.730907113088673,8.713702224667028,99.65871175101196,54.107438623441425,10.821487724688271,0.007288756793693437,2.923487648195312,6.247735870322723,92862
strong,0.9,0.01,10.0,0.005,0.7,3,5.0,0.22703640993242913,1.841865463195714,4.730908772667002,8.713697477904974,99.65864585972504,54.107451304729445,10.821490260945875,0.007288756401468519,2.923490778431242,6.247730204221414,92862
strong,0.9,0.01,10.0,0.005,0.7,4,5.0,0.22703497624957147,1.8418526592140423,4.730925933093858,8.713668510413598,99.6581379131911,54.10755166252948,10.82151033250589,0.007288774617400845,2.923533365239478,6.2476675276372315,92862
strong,0.9,0.01,10.0,0.005,0.7,6,5.0,0.22702658031362177,1.8417796678023681,4.731063890370947,8.713577280359184,99.65527096910172,54.10813937804596,10.821627875609183,0.007289098270399336,2.923948465927716,6.247134560192701,92862
strong,0.9,0.01,10.0,0.005,0.7,7,5.0,0.2270203251437406,1.8417266366845155,4.731194728509546,8.713567354837396,99.65320797589467,54.10857723993764,10.821715447987515,0.007289483141657453,2.9243818576502347,6.246613211220592,92862
strong,0.9,0.01,10.0,0.005,0.7,9,5.0,0.22700467366560884,1.8415980064565667,4.731618388227401,8.713738991072816,99.6482656384351,54.10967284340686,10.821934568681366,0.007290888652688317,2.9258923381516064,6.244882204514339,92862
strong,0.9,0.01,10.0,0.005,0.7,10,5.0,0.22699546399956905,1.8415247098967895,4.731927370499902,8.713961178212509,99.64548677349578,54.11031752002965,10.822063504005936,0.007291980910699097,2.927045300640753,6.243599214442613,92862
strong,0.9,0.01,10.0,0.005,0.7,11,5.0,0.22698534289230732,1.8414459669426768,4.732311896301837,8.714296655759869,99.64253059029663,54.11102599753797,10.822205199507588,0.007293378253327091,2.9285113615763634,6.241990060662722,92862
strong,0.9,0.01,10.0,0.005,0.7,13,5.0,0.22696207573136162,1.8412712012898678,4.73334184861683,8.715366031718315,99.63607272225096,54.11265469880417,10.822530939760831,0.00729722650183734,2.9325276817268353,6.237644152010496,92862
strong,0.9,0.01,10.0,0.005,0.7,14,5.0,0.22694870074973983,1.8411741640390182,4.734006078215199,8.7161296836135,99.63254557594527,54.11359094751769,10.822718189503526,0.007299751940859724,2.935155826510892,6.234826232044723,92862
strong,0.9,0.01,10.0,0.005,0.7,16,5.0,0.2269177301957903,1.8409574712566603,4.735687125348794,8.71819859494484,99.62481063444724,54.11575888629416,10.823151777258825,0.0073062179341534285,2.941874250031644,6.227667754775377,92862
strong,0.9,0.01,10.0,0.005,0.7,17,5.0,0.2268997837301101,1.840836303979406,4.736729065858155,8.71954282654615,99.6205661306751,54.11701513889178,10.823403027778346,0.007310256751795985,2.9460675441092286,6.223219171360631,92862
strong,0.9,0.01,10.0,0.005,0.7,19,5.0,0.22685799833029718,1.8405644270324486,4.739287676343229,8.722964306550619,99.61123657225323,54.11994011687868,10.82398802337573,0.007320225910997948,2.956417898010554,6.212273852702718,92862
strong,0.9,0.01,10.0,0.005,0.7,20,5.0,0.22683382031634947,1.8404126062961301,4.740834086175784,8.725090816556307,99.60613486961171,54.121632577855024,10.824326515571002,0.007326271026657152,2.9626986873007244,6.205648526101616,92862
