sweep_var,delta,sigma,alpha,beta,rho,n_target,gamma,P_block_arrival,P_block_arrival_stable,E_W,Cost,ERP,E_N,lambda_eff,E_B,E_S,E_I,E_off,N_states
delta,0.0,0.1,0.1,0.005,0.7,10,1.0,6.599571916288127e-06,6.599571917886651e-06,1.05196872052935,6.235387648619342,6.559432766722601,73.63732445902876,69.99953802996586,13.999907605993153,0.1988040253610127,3.9760805072202534,1.825207861425581,92862
delta,0.06785714285714285,0.1,0.1,0.005,0.7,10,1.0,2.1632605477939215e-05,2.1632605480673536e-05,1.0558850205256618,6.26253943899059,6.612521584081346,73.91035252871065,69.9984857176164,13.999697143523251,0.20437529552895975,4.087505910579198,1.7084216503685905,92862
delta,0.1357142857142857,0.1,0.1,0.005,0.7,10,1.0,0.00011034449814850689,0.00011034449814841114,1.0678722321247585,6.325185699638466,6.75449017167653,74.74280788094532,69.99227588512967,13.998455177025932,0.21728785127282924,4.345757025456573,1.4384999462446668,92862
delta,0.20357142857142857,0.1,0.1,0.005,0.7,10,1.0,0.00045240675373703354,0.00045240675373438017,1.0898229148625747,6.390868758872535,6.96491521929863,76.25309101308605,69.9683315272385,13.993666305447713,0.23109455522394887,4.621891104478979,1.1533480348493592,92862
delta,0.2714285714285714,0.1,0.1,0.005,0.7,10,1.0,0.001546993022008003,0.0015469930220067493,1.1262461907957273,6.440553659672186,7.2536490258212805,78.71527270582538,69.89171048845958,13.978342097691892,0.24243854987826446,4.848770997565294,0.9304483548645495,92862
delta,0.33928571428571425,0.1,0.1,0.005,0.7,10,1.0,0.004554759631380412,0.004554759631378775,1.18222879327997,6.468319399514949,7.647033438237979,82.37908177081,69.68116682580354,13.936233365160708,0.25135837398917166,5.027167479783402,0.7852407810667179,92862
delta,0.40714285714285714,0.1,0.1,0.005,0.7,10,1.0,0.011439852854556953,0.011439852854554126,1.257830303954602,6.473261852256445,8.142264923201454,87.04086372529535,69.1992103001812,13.839842060036247,0.25978428364111367,5.195685672822274,0.7046879835003654,92862
delta,0.475,0.1,0.1,0.005,0.7,10,1.0,0.02405309653094656,0.024053096530944357,1.3436311249743669,6.456218804178742,8.674776534939344,91.7918845076365,68.31628324283398,13.663256648566785,0.26988087939428174,5.39761758788562,0.6692448841533141,92862
delta,0.5428571428571428,0.1,0.1,0.005,0.7,10,1.0,0.04262587030648202,0.0426258703064796,1.4265299433889804,6.420588049629185,9.159161106961486,95.60060041236416,67.0161890785465,13.403237815709302,0.2825925060823212,5.651850121646408,0.6623195565619691,92862
delta,0.6107142857142857,0.1,0.1,0.005,0.7,10,1.0,0.0658409752783623,0.06584097527835715,1.4995269340228756,6.371659406304834,9.554474894174305,98.055763276145,65.39113173051491,13.078226346102994,0.297582904306905,5.951658086138094,0.6725326634520066,92862
delta,0.6785714285714285,0.1,0.1,0.005,0.7,10,1.0,0.09212226440777205,0.09212226440776734,1.5625896366039984,6.314201794038288,9.866506286790603,99.30482386579492,63.551441491456266,12.710288298291246,0.3141303751113496,6.282607502226984,0.6929738243704202,92862
delta,0.7464285714285713,0.1,0.1,0.005,0.7,10,1.0,0.12033221390607363,0.12033221390606692,1.6184278436198272,6.251413729329814,10.117462041534633,99.65751867048796,61.57674502657517,12.315349005315035,0.3316642886715456,6.633285773430943,0.7197009325824766,92862
delta,0.8142857142857143,0.1,0.1,0.005,0.7,10,1.0,0.14977747063832503,0.14977747063832705,1.6698352650284183,6.185205900251288,10.328274933701445,99.3812093854848,59.515577055317166,11.903115411063435,0.3498288714210781,6.99657742842155,0.7504782890939365,92862
delta,0.8821428571428571,0.1,0.1,0.005,0.7,10,1.0,0.18004741495075105,0.18004741495075194,1.7189982356710418,6.116706486555532,10.514607658506575,98.66479329234967,57.396680953447344,11.479336190689471,0.36841273586158624,7.3682547172317046,0.7839963562172381,92862
delta,0.95,0.1,0.1,0.005,0.7,10,1.0,0.21089233458224577,0.21089233458224677,1.7675519564404658,6.046600745404713,10.687680977354479,97.63521584959244,55.23753657924282,11.047507315848557,0.3872871602810247,7.745743205620483,0.8194623182499345,92862
delta,0.0,0.1,1.0,0.005,0.7,10,100.0,5.181361522055283e-07,5.181361515975399e-07,1.0678438293624595,6.0240049310413015,6.432696493661482,74.74902932517766,69.99996373046935,13.999992746093882,0.4248759543524039,2.662122085605209,2.9130092139485053,92862
delta,0.06785714285714285,0.1,1.0,0.005,0.7,10,100.0,1.6877399707793117e-06,1.6877399722297976e-06,1.0711592689490947,5.9869354194264135,6.412961367118239,74.98102227775455,69.9998818582019,13.999976371640399,0.4505446694295761,2.4550442328710957,3.094434726058929,92862
delta,0.1357142857142857,0.1,1.0,0.005,0.7,10,100.0,1.4424125994172421e-05,1.442412599268553e-05,1.0805879930329418,5.948999059201916,6.428416953937858,75.64006845469085,69.99899031118048,13.999798062236112,0.47394965474653444,2.24816653621106,3.278085746806294,92862
delta,0.20357142857142857,0.1,1.0,0.005,0.7,10,100.0,0.00010413966196998192,0.00010413966196955595,1.0996212470930369,5.904823716542139,6.493069619048607,76.96547130356498,69.9927102236622,13.99854204473243,0.49436766896758216,2.020406769798077,3.4866835165019108,92862
delta,0.2714285714285714,0.1,1.0,0.005,0.7,10,100.0,0.0005942879613551888,0.0005942879613531491,1.1348619722272573,5.853598247940383,6.64302605228364,79.39312761935555,69.95839984270528,13.991679968541082,0.5114887778966538,1.7762330560788864,3.7205981974833784,92862
delta,0.33928571428571425,0.1,1.0,0.005,0.7,10,100.0,0.0026036870301495707,0.002603687030146499,1.1943204006530066,5.795431318054262,6.921601853735548,83.38475348811903,69.8177419078897,13.963548381577942,0.5254180642724507,1.5420577058328975,3.9689758483167097,92862
delta,0.40714285714285714,0.1,1.0,0.005,0.7,10,100.0,0.008524933303955207,0.008524933303953234,1.2796641882398068,5.726977621087571,7.328608168556567,88.81285954685242,69.40325466872333,13.880650933744663,0.5372277332758507,1.3570916886589706,4.225029644320516,92862
delta,0.475,0.1,1.0,0.005,0.7,10,100.0,0.020900081686871297,0.02090008168686902,1.37863440917259,5.641789226600391,7.777964757090514,94.48745861831893,68.53699428191925,13.70739885638385,0.5492095953596742,1.248247162587822,4.495144385668654,92862
delta,0.5428571428571428,0.1,1.0,0.005,0.7,10,100.0,0.04015526091605881,0.04015526091605533,1.4732952819232816,5.536833286410291,8.15739035766406,98.98943078298814,67.18913173587613,13.437826347175223,0.5633656269540567,1.2086863130005299,4.7901217128701905,92862
delta,0.6107142857142857,0.1,1.0,0.005,0.7,10,100.0,0.06461616330153763,0.06461616330153487,1.5543960177035658,5.41513451088982,8.417263519056284,101.77698375518649,65.47686856889264,13.095373713778512,0.5800637498038305,1.212136874887544,5.112425661530113,92862
delta,0.6785714285714285,0.1,1.0,0.005,0.7,10,100.0,0.09230539064953192,0.09230539064952725,1.6223072310851059,5.281846010764781,8.568776976741724,103.07916698563695,63.53862265453308,12.707724530906617,0.598571340202724,1.2365236144878757,5.457180514402783,92862
delta,0.7464285714285713,0.1,1.0,0.005,0.7,10,100.0,0.12186587608642074,0.12186587608641712,1.680890318762056,5.141026505977678,8.641501682396997,103.32330032226601,61.469388673950874,12.293877734790176,0.6179527159990827,1.2697328452308294,5.818436703979912,92862
delta,0.8142857142857143,0.1,1.0,0.005,0.7,10,100.0,0.1525261270992293,0.1525261270992335,1.7338601720488418,4.995075305212937,8.660762128093424,102.85808365522385,59.323171103053866,11.864634220610787,0.6373424118624487,1.3058413166287661,6.192182050897999,92862
delta,0.8821428571428571,0.1,1.0,0.005,0.7,10,100.0,0.18386485083211035,0.18386485083212106,1.7839306540291056,4.845019176159411,8.643178227709617,101.9149957301849,57.129460441752194,11.425892088350448,0.6557417413962818,1.3412348566911185,6.577131313562152,92862
delta,0.95,0.1,1.0,0.005,0.7,10,100.0,0.2156493249899576,0.21564932498996472,1.8329079239458084,4.690425817140244,8.597118646916346,100.63497971647055,54.90454725070299,10.980909450140617,0.671322205841341,1.37161444369447,6.976153900323573,92862
delta,0.0,0.1,10.0,0.005,0.7,10,1000.0,6.061830160053461e-08,6.061830035689953e-08,1.044556466238857,5.892110337870802,6.154641953215762,73.11894820437325,69.99999575671889,13.999999151343786,0.17082599701942466,2.500857752137533,3.3283170994992557,92862
delta,0.06785714285714285,0.1,10.0,0.005,0.7,10,1000.0,3.7544689512891694e-07,3.7544689787746754e-07,1.0458266787963795,5.831543071959661,6.098783323205609,73.20784003007985,69.9999737187172,13.999994743743407,0.17120368585755716,2.2317494121951973,3.5970521582038386,92862
delta,0.1357142857142857,0.1,10.0,0.005,0.7,10,1000.0,4.549700125866529e-06,4.549700126011375e-06,1.0508763963200989,5.764100468808611,6.057357128688586,73.56101306033392,69.99968152099126,13.999936304198247,0.16951482431981002,1.9356979693440777,3.8948509021378652,92862
delta,0.20357142857142857,0.1,10.0,0.005,0.7,10,1000.0,4.3006717968196995e-05,4.300671796734648e-05,1.0625997922034682,5.691027673172547,6.0472848229373355,74.37878652917253,69.99698952974232,13.999397905948472,0.16650795528894588,1.6176852823044812,4.216408856458101,92862
delta,0.2714285714285714,0.1,10.0,0.005,0.7,10,1000.0,0.0003030972988853353,0.0003030972988839064,1.0867018995470514,5.614910727152465,6.1017341529837,76.04607661956251,69.97878318907817,13.995756637815635,0.1625833054681455,1.2928793875411329,4.548780669175087,92862
delta,0.33928571428571425,0.1,10.0,0.005,0.7,10,1000.0,0.0015563880519735562,0.0015563880519717675,1.131074298803065,5.537264482802222,6.26305754217264,79.05197357949615,69.89105283636202,13.97821056727242,0.15789379670183115,0.985743763122076,4.878151872903673,92862
delta,0.40714285714285714,0.1,10.0,0.005,0.7,10,1000.0,0.005717643315250376,0.005717643315248538,1.1997833920334182,5.455499748679982,6.545417993708729,83.50464209795493,69.59976496793267,13.919952993586556,0.15265170511470574,0.7291249271339,5.198270374164839,92862
delta,0.475,0.1,10.0,0.005,0.7,10,1000.0,0.015203102668382096,0.015203102668380975,1.2847469172998636,5.362583992515386,6.889563253145737,88.56503446092896,68.93578281321349,13.787156562642686,0.1473234367419056,0.5474502293861698,5.518069771229238,92862
delta,0.5428571428571428,0.1,10.0,0.005,0.7,10,1000.0,0.030908222637793803,0.03090822263779202,1.3701880949275802,5.253060223173794,7.19768057973035,92.94866113637363,67.83642441535468,13.567284883070947,0.14231816758074348,0.436741618303154,5.853655331045156,92862
delta,0.6107142857142857,0.1,10.0,0.005,0.7,10,1000.0,0.05174899423422574,0.051748994234222856,1.4458686776609335,5.127374228574931,7.413509795742384,95.97324994580512,66.37757040360448,13.275514080720892,0.13763362134267618,0.3736854600114863,6.213166837924945,92862
delta,0.6785714285714285,0.1,10.0,0.005,0.7,10,1000.0,0.07606236266766231,0.07606236266765785,1.5101718130159427,4.989263705731752,7.534645416099561,97.67132038186948,64.67563461326395,12.935126922652795,0.13294364436384,0.3365894194054549,6.59534001357791,92862
delta,0.7464285714285713,0.1,10.0,0.005,0.7,10,1000.0,0.10256244058732744,0.10256244058732475,1.5654709083326734,4.842328108296886,7.580523782140363,98.34386739139352,62.820629158887414,12.564125831777488,0.12777629290307474,0.31219190497494687,6.99590597034449,92862
delta,0.8142857142857143,0.1,10.0,0.005,0.7,10,1000.0,0.13044575882292897,0.130445758822934,1.6146497294468491,4.688872670379615,7.57088698863917,98.2817864179141,60.86879688239488,12.17375937647899,0.12148210597190845,0.293046517579509,7.411711999969591,92862
delta,0.8821428571428571,0.1,10.0,0.005,0.7,10,1000.0,0.15923403390281443,0.15923403390282748,1.6599764377932682,4.529743628365065,7.519267692330194,97.6956185393874,58.85361762680291,11.770723525360577,0.11285975437702839,0.27374677221004656,7.8426699480523485,92862
delta,0.95,0.1,10.0,0.005,0.7,10,1000.0,0.1886348538041357,0.18863485380414444,1.7028883391467542,4.363442575086908,7.430455479651981,96.71649723729276,56.795560233710525,11.359112046742114,0.09864883421132675,0.2462614991313057,8.295977619915254,92862
